aoa,cl
16.4626,1.08019
14.2166,1.20082
13.2544,1.28393
12.2274,1.33774
11.1031,1.33456
10.0424,1.28904
9.14203,1.22722
7.14808,1.06453
5.92615,0.97343
1.93764,0.556926
0.136097,0.322653
-2.17901,0.101453
-3.94769,-0.101855
-6.32681,-0.34416
-7.22708,-0.451488
-8.15942,-0.557183
-10.2798,-0.625411
