aoa,cl
10.2216,1.70773
9.03354,1.7787
8.13491,1.88596
7.01035,1.91405
6.17488,1.93554
5.04973,1.92735
4.14896,1.86305
2.08939,1.66516
0.158315,1.4722
-1.9336,1.29243
-3.83306,1.07305
-5.92577,0.838802
-7.98623,0.634233
-10.1759,0.383453
-12.178,-0.664
