aoa,cl,cd
12.1699,1.95584,0.0
11.0422,2.01806,0.0
10.0434,2.42786,0.0
8.01388,2.28505,0.0
6.17813,2.09311,0.0
4.02086,1.89628,0.0
2.1217,1.69297,0.0
1.15621,1.59625,0.0
0.029926,1.49462,0.0
-2.18997,1.28812,0.0
-4.11969,1.06695,0.0
-6.2097,0.844204,0.0
-8.26695,0.614968,0.0
-10.2914,0.354696,0.0
-12.1224,0.09613,0.0
-14.3386,-0.147628,0.0
-16.1045,-0.356979,0.0
