aoa,cl
20.464,1.29911
19.114,1.32378
18.4391,1.3353
17.3469,1.38954
16.286,1.37312
15.3536,1.35178
14.2606,1.33373
13.3925,1.30746
12.2029,1.25656
11.1421,1.22373
10.1127,1.13013
8.18238,0.93311
6.12375,0.718064
5.06225,0.594959
4.09735,0.483356
2.97183,0.358638
1.97478,0.230643
1.2027,0.114135
-0.951092,-0.120445
-2.07613,-0.250022
-2.94411,-0.363196
-4.19733,-0.497659
-5.12918,-0.602598
-5.99681,-0.709176
-8.21283,-0.915686
-10.1076,-1.11563
