aoa,cl,cd
10.8918,-0.077838,0.0
10.4767,-0.008774,0.0
9.22382,-0.007964,0.0
8.19555,-0.008378,0.0
6.29926,-0.007571,0.0
4.30598,-0.004719,0.0
2.37627,-0.004729,0.0
0.124265,-0.001059,0.0
-2.12863,0.000976,0.0
-4.09263,0.000557,0.0
-5.8639,0.003414,0.0
-8.05469,0.002176,0.0
-8.98917,0.004628,0.0
-9.89164,0.003805,0.0
-10.9232,0.00421,0.0
-12.0516,0.006252,0.0
-12.4362,0.111907,0.0
