aoa,cl
14.0378,1.46696
13.4927,1.46696
12.9475,1.46697
12.0499,1.43263
11.0564,1.34104
10.0629,1.24618
8.97325,1.15622
8.14021,1.05319
5.96116,0.847125
4.03877,0.637802
3.14179,0.52824
1.92434,0.400694
0.931068,0.309125
-0.125942,0.176683
-0.958598,0.0605963
-2.17609,-0.0473148
-4.16191,-0.277836
-6.24393,-0.495267
-8.13342,-0.714316
-8.99844,-0.781341
-10.2154,-0.91211
