aoa,cl
10.1858,1.57151
8.30119,1.72341
7.40621,1.75986
5.19934,1.79174
4.14245,1.70638
2.41184,1.5289
0.135251,1.32672
-1.63015,1.10945
-3.94173,0.91523
-5.61299,0.717482
-7.99264,0.460262
-9.85948,0.230884
-11.9854,-0.038287
