aoa,cl,cd
13.2013,-0.25275,0.0
11.8502,-0.259785,0.0
10.5591,-0.3313,0.0
9.72233,-0.333808,0.0
8.69225,-0.336323,0.0
7.6942,-0.337193,0.0
6.79267,-0.335595,0.0
5.76196,-0.336058,0.0
4.69892,-0.334055,0.0
3.70006,-0.332048,0.0
2.70102,-0.328808,0.0
0.572989,-0.325623,0.0
-1.58799,-0.315033,0.0
-3.2984,-0.309353,0.0
-5.17077,-0.29915,0.0
-7.20515,-0.281955,0.0
-9.33701,-0.255695,0.0
-10.9523,-0.227344,0.0
-12.9891,-0.202702,0.0
-14.7678,-0.175569,0.0
