aoa,cl,cd
15.8449,-0.278785,0.0
15.1467,-0.243117,0.0
13.893,-0.25875,0.0
12.8962,-0.271095,0.0
11.7717,-0.279755,0.0
10.8403,-0.283893,0.0
9.81311,-0.285163,0.0
8.78578,-0.286023,0.0
7.63,-0.286065,0.0
6.85986,-0.28363,0.0
5.7357,-0.28408,0.0
4.67521,-0.286173,0.0
2.7796,-0.285423,0.0
0.5947,-0.281395,0.0
-1.46224,-0.276538,0.0
-3.45569,-0.27209,0.0
-5.38347,-0.258593,0.0
-7.56899,-0.243045,0.0
-9.20599,-0.219662,0.0
-10.8906,-0.121438,0.0
-12.9845,-0.119839,0.0
-14.627,-0.114116,0.0
