aoa,cl,cd
22.2351,-0.112623,0.0
21.1523,-0.071736,0.0
20.3245,-0.067685,0.0
19.3375,-0.066918,0.0
18.2549,-0.065745,0.0
17.2995,-0.064976,0.0
16.153,-0.064217,0.0
14.1145,-0.064323,0.0
12.203,-0.06647,0.0
10.1,-0.069038,0.0
8.12409,-0.07078,0.0
6.05218,-0.072937,0.0
4.13927,-0.073856,0.0
1.9708,-0.069872,0.0
-0.006723,-0.065876,0.0
-2.08032,-0.062295,0.0
-4.05862,-0.057478,0.0
-6.10108,-0.054714,0.0
-8.04821,-0.049894,0.0
