aoa,cl,cd
10.1397,1.68488,0.0
8.12319,1.83398,0.0
7.1307,1.86854,0.0
6.10612,1.90801,0.0
5.0812,1.90831,0.0
2.1311,1.62664,0.0
1.13637,1.52724,0.0
0.141173,1.41474,0.0
-2.01061,1.19783,0.0
-3.97145,0.970912,0.0
-6.1263,0.74878,0.0
-8.058,0.513343,0.0
-10.2167,0.251551,0.0
-12.5382,-0.023547,0.0
-14.3247,-0.740573,0.0
