aoa,cl,cd
10.0832,1.64628,0.0
9.12565,1.71714,0.0
8.32638,1.7403,0.0
7.62175,1.72561,0.0
7.01351,1.72407,0.0
6.43778,1.73897,0.0
5.47659,1.71939,0.0
5.15694,1.73589,0.0
4.06911,1.76568,0.0
3.04294,1.73131,0.0
2.46487,1.69026,0.0
1.9816,1.613,0.0
1.14342,1.4683,0.0
0.144801,1.3236,0.0
-1.94776,1.07855,0.0
-4.00786,0.871259,0.0
-6.10109,0.660586,0.0
-8.09982,0.426741,0.0
-10.1957,0.194443,0.0
