aoa,cl,cd
22.2461,-0.03711,0.0
21.1931,-0.038373,0.0
20.1718,-0.029813,0.0
19.3099,-0.031888,0.0
18.1605,-0.029061,0.0
16.1804,-0.027898,0.0
14.1356,-0.030423,0.0
12.1859,-0.031306,0.0
10.0756,-0.033835,0.0
8.18832,-0.033078,0.0
7.22845,-0.035159,0.0
5.88437,-0.040942,0.0
4.95617,-0.048352,0.0
4.05972,-0.049203,0.0
1.88185,-0.042719,0.0
-3.11802,-0.027713,0.0
-4.17625,-0.028158,0.0
-4.91394,-0.028182,0.0
-6.2613,-0.028226,0.0
-8.21882,-0.02788,0.0
-10.2734,-0.029589,0.0
