aoa,cd
24.2564,-0.09241325
22.6218,-0.074401
20.3759,-0.07197825
18.4177,-0.06954925
12.3438,-0.073345
10.4138,-0.071735
8.354,-0.07341275
7.32323,-0.0816475
6.518,-0.0841275
4.16608,-0.08663675
2.39371,-0.0796805
0.168893,-0.074374
-1.92806,-0.06906225
-3.96157,-0.06456975
-5.80232,-0.060895
-7.9023,-0.054341
-9.7449,-0.0514855
-11.9121,-0.05234
-13.7565,-0.04948275
-16.0226,-0.0429215
-17.8039,-0.0367625
-19.9388,0.02999725
-21.7223,0.02998975
