cl,cm
0.729573,-0.03343425
0.544696,-0.031614
0.338781,-0.03390275
0.119854,-0.03457375
-0.091164,-0.034418
-0.300684,-0.029762
-0.519991,-0.02102395
