aoa,cl,cd
18.4319,-0.113827,0.0
17.2115,-0.114342,0.0
16.3764,-0.109482,0.0
15.2196,-0.106702,0.0
13.1298,-0.102765,0.0
11.843,-0.102461,0.0
11.1028,-0.105402,0.0
10.0404,-0.108371,0.0
9.10659,-0.111741,0.0
7.20582,-0.122602,0.0
6.07777,-0.124758,0.0
3.78821,-0.126191,0.0
-0.020801,-0.11581,0.0
-2.05637,-0.11351,0.0
-4.19032,-0.111629,0.0
-5.96988,-0.104355,0.0
-8.10675,-0.096694,0.0
