aoa,cl
18.1709,0.794388
16.326,0.809066
14.1568,0.907222
13.1532,0.957932
12.215,0.966078
11.0831,0.967667
10.0806,0.964351
9.0785,0.952852
8.10932,0.910261
5.88205,0.733459
4.01157,0.520736
2.8183,0.404584
1.81868,0.309716
0.851957,0.190334
-0.017885,0.0791472
-1.0491,-0.0271145
-2.98166,-0.252663
-6.20276,-0.545074
-8.00546,-0.727969
