aoa,cl,cd
24.6028,-0.100776,0.0
22.0026,-0.094382,0.0
20.9424,-0.06913,0.0
20.139,-0.047944,0.0
18.0832,-0.047633,0.0
16.2194,-0.048538,0.0
14.0334,-0.048641,0.0
12.1681,-0.052406,0.0
10.0448,-0.057819,0.0
8.08147,-0.059956,0.0
5.98859,-0.061693,0.0
4.15254,-0.070776,0.0
1.89688,-0.072114,0.0
0.123954,-0.067703,0.0
-2.03664,-0.066173,0.0
-4.00443,-0.060132,0.0
-6.13437,-0.056552,0.0
-8.1683,-0.053375,0.0
-10.2354,-0.053474,0.0
-12.1094,-0.053154,0.0
-14.3398,-0.054489,0.0
