aoa,cl
22.2431,1.05572
20.4554,1.24039
19.4653,1.33439
18.217,1.40369
17.3171,1.38563
16.3212,1.37417
14.1006,1.28532
12.2947,1.15355
10.0386,1.02506
8.19984,0.901465
7.1983,0.810789
6.16877,0.797635
5.04366,0.80263
4.10848,0.756472
3.20056,0.626153
2.00305,0.497468
0.967387,0.390211
-0.975766,0.175636
-2.30245,0.0551104
-3.24163,-0.0406678
-4.11686,-0.141416
-6.15811,-0.351226
-8.29454,-0.524764
-10.3358,-0.711579
