cl,cd
0.841894,0.0278045
0.672817,0.0186712
0.503884,0.0153955
0.313616,0.0104264
0.108288,0.0102133
-0.061347,0.0111191
-0.26175,0.0126187
