aoa,cl
22.4489,1.13762
20.3756,1.44626
18.5456,1.54416
17.5827,1.60293
16.4235,1.61591
15.3587,1.59293
14.4224,1.56506
13.3567,1.52901
12.3544,1.47497
10.2509,1.33257
8.1443,1.13298
6.32815,0.936708
5.35534,0.832039
4.35018,0.724106
3.12004,0.625958
2.27625,0.51969
1.17443,0.408502
0.234006,0.300606
-0.868269,0.178002
-1.67904,0.081568
-2.71671,-0.0410093
-3.97901,-0.147281
-6.05457,-0.405445
-8.19049,-0.588511
-10.1031,-0.822103
