aoa,cd
14.0263,-0.12220175
12.9385,-0.1160895
11.9097,-0.00585155
10.8542,-0.0091229
9.76644,-0.00708675
8.00657,-0.00668698
6.88642,-0.0058756
5.83012,-0.00506383
4.9658,-0.00506793
4.03729,-0.00343848
1.76366,-0.00181491
-0.382557,0.00226114
-2.27291,0.00266173
-4.35601,0.00142688
-8.33163,0.00795025
-10.4485,0.00671553
