aoa,cl
26.6224,0.933379
24.4591,0.844955
22.202,0.810757
20.3062,0.903025
18.4455,1.05117
16.1593,1.08271
14.29,1.08132
12.2267,1.0734
10.4206,1.05393
8.41718,0.967098
6.02364,0.822792
4.14356,0.637317
2.03627,0.425566
-0.135969,0.207238
-1.85649,-0.0045797
-6.00654,-0.41501
-8.3075,-0.620217
-10.2515,-0.782736
-12.3213,-0.882793
-14.2254,-0.895754
-16.3094,-0.645682
-18.2688,-0.476149
-20.3036,-0.510455
