aoa,cl
22.607,0.863761
21.5153,0.799862
20.558,1.16417
18.5358,1.17589
16.3515,1.16629
14.5837,1.13858
12.4609,1.07804
10.5618,0.994457
8.33971,0.894424
6.53476,0.774585
4.30981,0.634983
3.37394,0.55117
2.40546,0.457471
1.33998,0.362107
0.144938,0.250268
-0.759793,0.156496
-1.66493,0.0495401
-3.73417,-0.167749
-4.60735,-0.253382
