aoa,cl,cd
10.0419,1.57181,0.0
9.04591,1.59145,0.0
7.855,1.69809,0.0
7.01025,2.06911,0.0
6.04898,1.99515,0.0
4.8958,1.89655,0.0
3.96732,1.80126,0.0
2.07854,1.60577,0.0
-0.130269,1.38237,0.0
-2.08241,1.17214,0.0
-4.19489,0.965212,0.0
-6.21063,0.750104,0.0
-8.19288,0.492353,0.0
-10.4003,0.26252,0.0
-14.4285,-0.226585,0.0
