aoa,cd
18.3607,-0.07177675
17.7561,-0.053751
15.465,-0.04482275
14.2554,-0.04487475
11.9947,-0.04661425
10.3065,-0.049151
8.04412,-0.05089225
5.87629,-0.04975425
4.02643,-0.045726
1.98456,-0.045814
-0.090034,-0.0463145
-2.06973,-0.0447555
-3.95451,-0.03990225
