aoa,cl,cd
25.0964,-0.097068,0.0
22.2939,-0.073751,0.0
20.2879,-0.049575,0.0
19.3311,-0.043025,0.0
18.2174,-0.022924,0.0
17.3543,-0.022938,0.0
16.2039,-0.020082,0.0
14.1601,-0.004499,0.0
12.0154,-0.002884,0.0
9.99667,-0.003734,0.0
8.07179,-0.007873,0.0
6.01854,-0.00708,0.0
3.93087,-0.009167,0.0
1.93855,-0.009608,0.0
-2.07959,-0.001012,0.0
-4.17169,0.001846,0.0
-4.17195,0.001022,0.0
-6.13885,-0.003127,0.0
-8.30045,-0.006456,0.0
