aoa,cl,cd
14.0235,0.772361,0.0
13.0585,0.838991,0.0
12.1267,0.868235,0.0
11.0985,0.892604,0.0
10.0389,0.889327,0.0
8.94769,0.863276,0.0
8.17838,0.809573,0.0
6.92786,0.726558,0.0
5.90229,0.635397,0.0
5.00525,0.539342,0.0
1.86385,0.216844,0.00936266
-1.1183,-0.117245,0.00897769
-2.11267,-0.231368,0.00948094
-3.04331,-0.330847,0.01024433
-3.87689,-0.449876,0.01464329
-6.02971,-0.627805,0.0
