aoa,cd
16.4074,-0.113566
15.5343,-0.113141
14.3056,-0.11271025
13.465,-0.108998
12.3334,-0.09829475
11.5251,-0.088009
10.3935,-0.07032275
9.61751,-0.0505885
8.87364,-0.02428158
8.16244,-0.00824945
7.19312,0.00038715
6.06282,-0.00248025
4.18993,-8.5e-07
1.9626,1.613e-05
-2.26412,0.00086955
-4.29591,0.00211654
-6.26258,0.00213124
