aoa,cl,cd
12.2378,1.72049,0.0
10.3275,1.97972,0.0
9.08389,2.11596,0.0
8.2263,2.27674,0.0
7.10511,2.30644,0.0
6.16981,2.21479,0.0
5.17116,2.14281,0.0
4.23386,2.0216,0.0
2.16802,1.81849,0.0
0.198249,1.62839,0.0
-1.67674,1.42507,0.0
-3.9086,1.18063,0.0
-6.07696,0.942619,0.0
-7.95699,0.701189,0.0
-10.0985,0.407047,0.0
-12.1093,0.167003,0.0
-14.0578,-0.645607,0.0
