aoa,cl
12.5752,2.2671
10.6491,2.51727
10.1695,2.71783
9.39655,2.677
8.52622,2.59017
7.39823,2.51162
6.65623,2.42143
5.33393,2.31001
4.43056,2.22804
3.46212,2.11976
2.429,2.01311
1.46016,1.90971
0.297225,1.78494
-1.57724,1.57471
-3.77571,1.34796
-5.71774,1.06839
-7.91863,0.831505
-9.66897,0.531891
-11.9054,0.227201
-13.8836,-0.0397489
