cl,cd
1.12186,0.0223253
1.06808,0.0112175
0.890582,0.00754323
0.688948,0.00688377
0.46781,0.00627272
0.230371,0.0058907
-0.19481,0.00611236
