aoa,cl,cd
14.7963,-0.29403,0.0
13.9951,-0.288363,0.0
13.0657,-0.275338,0.0
11.8472,-0.273795,0.0
10.9816,-0.258713,0.0
9.95496,-0.264523,0.0
8.99237,-0.265823,0.0
7.70858,-0.269608,0.0
6.61718,-0.26969,0.0
4.62637,-0.27025,0.0
2.69915,-0.2663,0.0
0.706956,-0.260715,0.0
-1.18964,-0.257988,0.0
-3.44048,-0.244627,0.0
-5.01666,-0.234902,0.0
-6.88282,-0.217813,0.0
-8.87819,-0.190472,0.0
-10.7134,-0.168033,0.0
-12.9038,-0.144788,0.0
-14.7723,-0.1092,0.0
