aoa,cl,cd
14.3057,2.22202,0.0
13.3123,2.28425,0.0
12.2881,2.56424,0.0
11.1334,2.52828,0.0
10.2025,2.43499,0.0
9.33579,2.35314,0.0
8.17996,2.25655,0.0
7.12018,2.16321,0.0
6.22066,2.06329,0.0
4.1642,1.8634,0.0
2.07483,1.67326,0.0
0.08079,1.44863,0.0
-1.88185,1.23046,0.0
-4.07045,1.01055,0.0
-5.87386,0.784026,0.0
-8.19311,0.547504,0.0
-10.1914,0.299439,0.0
-12.32,-0.034096,0.0
