aoa,cl,cd
19.5551,-0.093598,0.0
18.6915,-0.063901,0.0
17.6054,-0.055376,0.0
16.7432,-0.055803,0.0
15.7843,-0.045236,0.0
15.2716,-0.014705,0.0
13.9934,-0.015948,0.0
13.0984,-0.015148,0.0
12.1072,-0.01598,0.0
11.0197,-0.014368,0.0
9.93197,-0.014386,0.0
8.04354,-0.012787,0.0
6.18611,-0.009964,0.0
4.26363,-0.00714,0.0
2.05154,-0.005135,0.0
-1.99149,0.005824,0.0
-4.01466,0.011103,0.0
-6.00682,0.012302,0.0
-7.87145,0.013912,0.0
-9.89787,0.019199,0.0
-15.6933,0.04816,0.0
