aoa,cl,cd
20.296,-0.10112,0.0
19.3943,-0.100315,0.0
18.2684,-0.094223,0.0
17.1732,-0.093013,0.0
16.175,-0.089766,0.0
15.2751,-0.080006,0.0
14.3402,-0.080014,0.0
13.3417,-0.075951,0.0
12.4078,-0.071073,0.0
11.377,-0.065788,0.0
10.2485,-0.063352,0.0
9.4096,-0.062951,0.0
8.21566,-0.062144,0.0
7.24791,-0.059707,0.0
6.27965,-0.058491,0.0
4.21432,-0.0528,0.0
2.5042,-0.045068,0.0
0.081893,-0.039374,0.0
-1.88852,-0.032861,0.0
-3.69834,-0.027976,0.0
-5.73471,-0.021051,0.0
-7.99843,-0.014123,0.0
