aoa,cl
24.3817,0.952702
22.3558,1.0915
20.3616,1.18457
19.3001,1.35123
18.3671,1.36918
16.2437,1.37728
14.3457,1.34126
12.3514,1.27908
10.3256,1.16135
9.36091,1.1221
8.10714,1.0469
5.63225,0.893264
4.95737,0.852409
4.09035,0.749494
1.97144,0.506156
-0.211286,0.285755
-1.14159,0.17151
-1.33355,0.117667
-2.03959,0.0572863
-6.20857,-0.383119
-8.38829,-0.604838
-10.1185,-0.790628
