aoa,cl,cd
20.4804,-0.098987,0.0
19.4263,-0.10149,0.0
18.4706,-0.029018,0.0
17.6719,-0.029048,0.0
16.3621,-0.023362,0.0
15.4674,-0.020527,0.0
14.5725,-0.022609,0.0
13.7733,-0.023869,0.0
12.4946,-0.025966,0.0
10.2884,-0.02441,0.0
8.36928,-0.031862,0.0
6.25796,-0.030712,0.0
4.40198,-0.033653,0.0
2.41763,-0.033319,0.0
0.144751,-0.028484,0.0
-1.80863,-0.028148,0.0
-3.76247,-0.026991,0.0
-5.74877,-0.023374,0.0
-7.89601,-0.027558,0.0
-9.91538,-0.02312,0.0
-12.1919,-0.024027,0.0
