aoa,cl
24.3262,1.1475
22.2097,1.37277
20.2239,1.44677
18.1435,1.44351
17.1517,1.42708
16.1603,1.38764
14.1452,1.33178
12.1949,1.24799
10.1487,1.16914
8.10235,1.11166
6.95268,1.00322
6.05792,0.955586
5.13142,0.896452
3.88626,0.773248
1.93947,0.546563
-0.198752,0.310057
-2.08103,0.078497
-3.10171,-0.0545174
-4.15457,-0.171095
-6.19616,-0.404231
-8.30182,-0.61434
-10.1197,-0.821158
-12.3535,-0.980296
-14.1086,-1.10333
-16.2472,-1.20004
-17.1749,-1.12115
-18.1327,-1.15063
