aoa,cl,cd
10.2827,-0.111135,0.0
9.29214,-0.098018,0.0
8.68969,-0.066033,0.0
7.73417,-0.036919,0.0
7.19443,-0.011492,0.0
6.01058,-0.002061,0.0
4.02325,-0.003294,0.0
2.09985,-0.003707,0.0
-0.016944,-0.007813,0.0
-2.00376,-0.001251,0.0
-3.95907,0.00408,0.0
-5.69103,0.004899,0.0
