aoa,cl,cd
14.2262,-0.228732,0.0
13.2941,-0.234454,0.0
12.0722,-0.25084,0.0
10.9157,-0.252038,0.0
9.95202,-0.25201,0.0
9.05266,-0.252395,0.0
7.89646,-0.252773,0.0
6.90095,-0.252743,0.0
6.00202,-0.249844,0.0
4.97465,-0.248172,0.0
2.92033,-0.242367,0.0
1.21985,-0.229187,0.0
0.128875,-0.224643,0.0
-3.01539,-0.215528,0.0
-5.13265,-0.212188,0.0
-6.95997,-0.192858,0.0
-9.1397,-0.17188,0.0
-10.7411,-0.135744,0.0
-12.6632,-0.106988,0.0
