aoa,cl,cd
24.2237,-0.101434,0.0
22.5572,-0.082194,0.0
20.408,-0.071978,0.0
19.3806,-0.074046,0.0
18.4819,-0.070369,0.0
16.3942,-0.068352,0.0
14.4982,-0.068793,0.0
12.3117,-0.073345,0.0
10.4782,-0.070913,0.0
8.38619,-0.073412,0.0
7.3553,-0.083701,0.0
6.38917,-0.08413,0.0
4.19833,-0.086225,0.0
2.39381,-0.078036,0.0
0.039712,-0.076844,0.0
-1.70287,-0.080987,0.0
-4.05879,-0.070332,0.0
-5.76996,-0.060072,0.0
