aoa,cl
18.6526,0.747264
16.3649,0.857844
14.4081,1.15644
13.213,1.18793
12.2424,1.1831
10.2965,1.08105
8.2198,0.954254
6.10819,0.773016
4.25517,0.58186
2.07782,0.375889
0.029882,0.164971
-6.08032,-0.44138
-8.16078,-0.667092
