aoa,cl,cd
11.4954,-0.300468,0.0
10.7868,-0.302518,0.0
9.78805,-0.300498,0.0
8.88592,-0.29929,0.0
7.69379,-0.300533,0.0
6.88819,-0.30014,0.0
5.82464,-0.297305,0.0
4.92213,-0.29406,0.0
2.89128,-0.289203,0.0
0.795539,-0.282715,0.0
-0.236417,-0.277433,0.0
-0.268662,-0.277433,0.0
-1.20389,-0.275,0.0
-2.78429,-0.270133,0.0
-5.0747,-0.261605,0.0
-6.91422,-0.240428,0.0
-8.98005,-0.214354,0.0
-10.6591,-0.183785,0.0
-12.8226,-0.149138,0.0
-14.5023,-0.114072,0.0
