aoa,cl,cd
20.1501,-0.115631,0.0
19.6396,-0.104661,0.0
18.5206,-0.068867,0.0
17.374,-0.063209,0.0
16.387,-0.062026,0.0
15.3673,-0.057991,0.0
14.1884,-0.056814,0.0
12.2437,-0.052812,0.0
10.4271,-0.059,0.0
8.22581,-0.060718,0.0
6.31103,-0.065283,0.0
5.35336,-0.068179,0.0
4.11042,-0.085374,0.0
2.38247,-0.074832,0.0
-0.017183,-0.07003,0.0
-1.77766,-0.068468,0.0
-3.92367,-0.065694,0.0
-6.00672,-0.064142,0.0
-8.09156,-0.060135,0.0
