aoa,cl
14.1061,1.76816
13.3021,1.94485
12.2088,2.07412
11.2759,2.33755
10.1827,2.33758
9.25036,2.28853
8.061,2.17895
7.22531,2.09391
5.97169,2.0187
3.17574,1.7718
1.82623,1.62956
0.990953,1.5282
0.027222,1.41376
-2.1896,1.24543
-4.18086,1.01988
-6.17192,0.809081
-8.25903,0.590142
-10.2815,0.359792
-12.0788,0.129468
-14.1323,-0.15799
