aoa,cl
14.2792,1.80427
13.0697,2.11313
12.1741,2.25344
11.1539,2.48728
10.3148,2.46903
9.0537,2.39405
8.11427,2.30401
7.11019,2.21229
6.13807,2.11556
4.93986,2.01383
3.96767,1.91875
2.24859,1.72021
1.01778,1.61846
0.142013,1.52001
-1.70672,1.31809
-4.17043,1.08446
-5.76164,0.875799
-8.09652,0.648775
-10.0119,0.420043
-12.1551,0.156219
-13.975,-0.0959391
-16.2489,-0.384868
