aoa,cl,cd
15.9952,-0.02648,0.0
15.0323,-0.031823,0.0
14.0667,-0.011718,0.0
12.9105,-0.010496,0.0
11.8829,-0.010503,0.0
7.96594,-0.012996,0.0
6.0394,-0.010548,0.0
3.92028,-0.006871,0.0
2.09054,-0.006065,0.0
2.09049,-0.005654,0.0
-1.986,-0.001993,0.0
-4.23277,0.001682,0.0
-4.23272,0.001271,0.0
-6.25468,0.004948,0.0
-8.34022,0.004931,0.0
-10.3292,0.003685,0.0
