aoa,cl,cd
13.3106,0.77902,0.0
12.3481,0.886975,0.0
11.3525,0.903381,0.0
10.3245,0.90998,0.0
9.26386,0.872424,0.0
8.29941,0.833222,0.0
7.3345,0.756394,0.0
3.31183,0.337729,0.01010522
2.37819,0.231392,0.00946894
1.2193,0.134857,0.0090075
0.092482,0.04976,0.00891827
-0.74521,-0.084434,0.00891752
-2.06579,-0.215386,0.00937622
-2.93572,-0.323429,0.00996123
-4.12768,-0.424955,0.01074659
-5.06242,-0.559216,0.0
-6.09301,-0.554373,0.0
