aoa,cl
16.1484,2.17926
14.2937,2.37593
13.1721,2.74116
12.2772,2.72332
11.3827,2.64654
10.2001,2.55996
9.11316,2.48316
8.18609,2.37848
7.13069,2.28361
6.07508,2.17725
4.15504,1.98409
2.26615,1.78099
1.04895,1.66794
0.055727,1.56961
-1.9633,1.33021
-3.88724,1.10709
-5.90845,0.875646
-7.86639,0.624377
-9.85724,0.322055
-11.9779,0.026122
-14.0998,-0.261765
