aoa,cd
17.9319,-0.08480225
15.9075,-0.04148
13.9794,-0.01367948
13.1439,-0.01121885
12.1477,-0.0128415
11.2801,-0.01487413
8.83808,-0.01648015
7.10296,-0.0156433
5.97838,-0.0164474
4.95016,-0.01439318
3.98627,-0.0156076
0.034355,-0.01556235
-4.17429,-0.0195988
-6.13399,-0.01998478
-8.25433,-0.01791818
-10.3746,-0.01748543
