aoa,cd
8.64269,-0.3962975
7.64687,-0.374855
7.10013,-0.3686725
6.74694,-0.3596
6.34527,-0.212803
5.3474,-0.2099175
4.28465,-0.210743
3.22242,-0.2066205
2.28857,-0.20579625
1.22559,-0.207034
-0.803456,-0.205798
-2.89694,-0.2029125
-4.76476,-0.1971395
-6.72818,-0.18188075
-8.6919,-0.167858
-10.8172,-0.15630875
-12.7483,-0.1365095
