aoa,cl
20.3112,1.4278
18.4252,1.36147
17.1775,1.37778
16.2163,1.47007
14.2992,1.36247
12.1266,1.23833
10.3066,1.08785
8.23088,0.934039
6.31573,0.757167
4.20956,0.548934
3.09203,0.472865
2.67751,0.418355
2.23107,0.362192
0.061737,0.139147
-0.416499,0.0780388
-1.78848,-0.0458846
-3.98889,-0.287027
-5.83786,-0.508296
