aoa,cl,cd
15.6492,-0.069808,0.0
15.2004,-0.062047,0.0
14.5272,-0.052652,0.0
13.6617,-0.044074,0.0
12.7321,-0.040399,0.0
11.7706,-0.04367,0.0
10.6809,-0.046533,0.0
9.62316,-0.046945,0.0
7.8281,-0.047767,0.0
5.55212,-0.049407,0.0
3.69262,-0.046143,0.0
1.44827,-0.04288,0.0
-0.18692,-0.042884,0.0
-3.04071,-0.041666,0.0
-4.22742,-0.035539,0.0
-6.44026,-0.032683,0.0
-8.30037,-0.03187,0.0
-10.4172,-0.029423,0.0
