aoa,cl,cd
15.2622,-0.069716,0.0
14.6874,-0.058744,0.0
13.3122,-0.051861,0.0
12.3203,-0.048631,0.0
11.4562,-0.046211,0.0
10.2076,-0.0438,0.0
9.05413,-0.048311,0.0
8.06102,-0.047116,0.0
6.106,-0.046353,0.0
4.24656,-0.040696,0.0
2.28968,-0.039523,0.0
0.01099,-0.034688,0.0
-3.77895,-0.024174,0.0
-5.80408,-0.022182,0.0
-7.9589,-0.019783,0.0
-9.88956,-0.016969,0.0
