aoa,cl
12.276,1.99584
11.2223,2.11131
10.1027,2.19714
9.08395,2.36535
8.15261,2.37206
6.12269,2.27344
4.24937,2.11212
2.18084,1.9211
1.04887,1.80908
0.175062,1.71515
-2.05693,1.50421
-3.969,1.27501
-6.04399,1.02428
-8.05428,0.791611
-10.1949,0.5473
-12.1116,0.288025
-14.2573,-0.0126562
-16.2958,-0.647375
