cl,cm
0.72089,-0.032389
0.527155,-0.03347375
0.323808,-0.03288325
0.120361,-0.03229225
-0.092738,-0.03043675
-0.314199,-0.0326795
-0.487426,-0.031352
