aoa,cl,cd
13.1267,2.36782,0.0
12.5812,2.41551,0.0
12.1925,2.60484,0.0
10.8793,2.60306,0.0
10.1125,2.51898,0.0
8.25852,2.35408,0.0
5.98888,2.1529,0.0
4.10405,1.93693,0.0
1.99445,1.73741,0.0
0.141546,1.52474,0.0
-2.09522,1.28567,0.0
-3.94819,1.07464,0.0
-6.21776,0.858607,0.0
-8.06993,0.621247,0.0
-10.2731,0.332804,0.0
-12.0923,0.070781,0.0
-14.3934,-0.165019,0.0
