aoa,cl
24.146,1.44967
22.1617,1.55197
20.2083,1.59093
18.0936,1.5617
16.1703,1.49187
13.959,1.42529
12.0678,1.3506
10.0476,1.22557
8.18758,1.10379
5.87861,0.947925
4.88407,0.86025
3.73006,0.803426
2.92712,0.688148
1.86812,0.579367
-0.025816,0.35531
-1.14906,0.235166
-2.04813,0.116644
-3.07551,-0.0132428
-4.16599,-0.0992859
-8.40204,-0.55062
-10.4243,-0.792523
