aoa,cl,cd
16.1665,-0.292373,0.0
15.1404,-0.282205,0.0
14.082,-0.274475,0.0
12.8628,-0.269588,0.0
12.2537,-0.25983,0.0
10.9377,-0.26185,0.0
9.91021,-0.269968,0.0
8.94702,-0.27565,0.0
8.11237,-0.278488,0.0
6.89257,-0.280915,0.0
5.92969,-0.280093,0.0
4.90276,-0.27602,0.0
2.81624,-0.276408,0.0
-0.747098,-0.275158,0.0
-2.28816,-0.27555,0.0
-3.05836,-0.267008,0.0
-5.24139,-0.25886,0.0
-7.07114,-0.243802,0.0
-9.19012,-0.229553,0.0
-11.0522,-0.209206,0.0
