aoa,cl,cd
19.0636,-0.059771,0.0
17.2309,-0.033895,0.0
16.2016,-0.027717,0.0
15.1726,-0.01867,0.0
14.2396,-0.017413,0.0
13.049,-0.019017,0.0
12.1804,-0.017762,0.0
11.1512,-0.013634,0.0
10.0895,-0.014422,0.0
8.1272,-0.012316,0.0
6.16492,-0.011849,0.0
4.20304,-0.006874,0.0
2.08035,-0.003124,0.0
-1.81073,0.006824,0.0
-3.77231,0.010159,0.0
-5.89463,0.013088,0.0
-7.75969,0.014371,0.0
-9.81717,0.021396,0.0
