aoa,cl,cd
18.1303,-0.315558,0.0
16.15,-0.242823,0.0
14.0737,-0.25972,0.0
12.0604,-0.265155,0.0
9.95099,-0.327933,0.0
8.00019,-0.337885,0.0
5.92054,-0.339245,0.0
4.03209,-0.338135,0.0
1.8867,-0.334993,0.0
0.765689,-0.337933,0.0
-0.163431,-0.334713,0.0
-2.2467,-0.320903,0.0
-4.13837,-0.311175,0.0
-6.31972,-0.289978,0.0
-8.21317,-0.271628,0.0
-10.3001,-0.248764,0.0
-12.2917,-0.219729,0.0
-14.4126,-0.196026,0.0
