aoa,cl
15.0755,0.6723
14.1434,0.698528
13.0053,1.23375
11.9788,1.18935
11.0177,1.10228
9.99223,1.02341
7.8781,0.832858
6.02117,0.637411
3.90847,0.410785
3.01244,0.307337
2.02043,0.194042
0.867551,0.0971614
-0.955978,-0.119545
-1.98022,-0.219687
-2.39633,-0.259086
-2.68453,-0.282069
-4.1563,-0.441291
-5.94795,-0.631683
-8.28396,-0.85324
-10.1396,-1.03539
-11.2278,-1.12235
