aoa,cl
20.4744,1.05161
19.4779,1.31103
18.2939,1.46614
17.4667,1.44337
16.5118,1.42224
14.634,1.35873
12.4078,1.21192
10.529,1.12545
8.33138,1.00465
5.27639,0.73507
4.35403,0.633734
2.41187,0.452247
0.052823,0.272286
-1.92138,0.0530321
-3.86455,-0.161398
-5.8738,-0.351394
-8.07663,-0.534969
-10.0886,-0.707139
-11.9097,-0.864614
