aoa,cl,cd
9.98239,1.61033,0.0
8.79245,1.69539,0.0
8.02077,1.80165,0.0
7.18473,1.89158,0.0
5.89766,1.88847,0.0
4.86767,1.87227,0.0
3.74054,1.82012,0.0
1.74224,1.6569,0.0
0.774487,1.55235,0.0
-0.032491,1.44775,0.0
-2.03425,1.24826,0.0
-4.19949,1.01913,0.0
-6.30181,0.806183,0.0
-8.27696,0.579932,0.0
-10.2536,0.363332,0.0
-12.2978,0.098917,0.0
-13.3873,-0.71494,0.0
-14.4597,-0.835227,0.0
