cl,cm
0.770087,0.00528855
0.657019,0.004828
0.437428,0.00513758
0.232474,0.00627165
0.016344,0.00617323
-0.1916,0.00403448
-0.412332,0.00393453
-0.629712,0.00179313
