aoa,cl,cd
15.8693,-0.107868,0.0
13.8384,-0.102626,0.0
11.9145,-0.087587,0.0
10.802,-0.059998,0.0
10.1071,-0.029607,0.0
9.01781,-0.033919,0.0
7.74162,-0.034517,0.0
5.86015,-0.034192,0.0
3.72318,-0.033413,0.0
1.90349,-0.033508,0.0
-4.16136,-0.029181,0.0
-6.14336,-0.028838,0.0
-8.09531,0.023974,0.0
