aoa,cd
19.9719,-0.0401585
17.7273,-0.02911125
15.864,0.0056872
13.5904,0.00280505
11.5416,-7.473e-05
9.55766,-0.00500008
7.60523,-0.0037845
5.55778,-0.00543455
3.47825,-0.00340165
1.43181,-0.00464218
-0.582361,-0.00465495
-4.60789,-0.01122408
-6.6522,-0.01246295
-8.60025,-0.01329205
-10.6111,-0.016983
-12.5257,-0.0202637
-14.6315,-0.02272715
