aoa,cl
24.3302,0.904184
22.315,0.807242
20.2981,0.828668
18.2132,1.09831
16.2285,1.13122
14.3092,1.09181
12.1664,1.03597
10.056,0.973568
8.04251,0.866798
7.01988,0.812597
6.02925,0.76004
5.13491,0.691052
4.0169,0.61386
1.87746,0.433197
-0.261283,0.227914
-2.04818,0.0275689
-3.0376,-0.0643771
-4.21733,-0.238441
-6.29268,-0.368089
-8.27156,-0.517437
-10.2184,-0.661844
-12.2934,-0.768453
-14.1174,-0.607393
-16.3233,-0.513651
-18.1767,-0.474126
-20.3496,-0.421451
-22.2324,-0.500147
