aoa,cl
22.6126,0.815141
20.3415,0.834629
18.5508,0.865639
16.3199,1.09998
14.4644,1.10967
12.1591,1.07175
11.1982,1.04543
10.1731,1.01582
8.05765,0.92215
6.25884,0.74486
4.13979,0.562616
2.14724,0.344291
-0.00539,0.125942
-1.80525,-0.0710587
-5.88552,-0.473326
-6.94615,-0.586616
-8.06777,-0.624445
-10.0541,-0.678755
-12.1014,-0.655962
