aoa,cl,cd
10.2396,1.57432,0.0
9.11733,1.69959,0.0
8.02873,1.85993,0.0
7.07228,2.09208,0.0
6.26215,2.01035,0.0
5.16168,1.92865,0.0
4.25359,1.82355,0.0
2.11547,1.63173,0.0
0.072322,1.40647,0.0
-1.87214,1.22793,0.0
-4.07698,1.00764,0.0
-5.89387,0.805673,0.0
-8.00216,0.59033,0.0
-9.88593,0.344901,0.0
-12.0289,0.08609,0.0
-14.0028,-0.762059,0.0
