aoa,cl,cd
11.9656,1.804,0.0
9.7815,2.11112,0.0
8.84971,2.23531,0.0
8.01335,2.29907,0.0
7.01373,2.24197,0.0
5.91716,2.16364,0.0
4.01292,1.93187,0.0
1.88413,1.73281,0.0
0.819593,1.6137,0.0
-0.019369,1.49786,0.0
0.012857,1.49949,0.0
-2.21226,1.26298,0.0
-4.01852,1.01344,0.0
-6.27482,0.786817,0.0
-8.24125,0.530871,0.0
-10.175,0.276614,0.0
-12.1086,-0.005296,0.0
-14.2989,-0.261045,0.0
