aoa,cl,cd
14.2039,1.74088,0.0
12.0923,2.00415,0.0
10.109,2.34724,0.0
9.08499,2.2905,0.0
8.18855,2.19455,0.0
7.32395,2.11978,0.0
6.04276,2.03206,0.0
5.20954,1.94255,0.0
4.05555,1.83024,0.0
1.90686,1.6414,0.0
1.04046,1.55504,0.0
-0.051018,1.43604,0.0
-2.10631,1.24201,0.0
-4.16364,1.0004,0.0
-6.18983,0.792993,0.0
-8.31453,0.544512,0.0
-10.3445,0.290907,0.0
-12.3756,0.05679,0.0
-14.4407,-0.192261,0.0
