aoa,cl
24.2038,0.865801
22.3748,0.870726
21.2519,0.941025
20.2576,1.13394
18.3964,1.1176
16.1824,1.10945
14.2253,1.07023
12.0119,0.99342
10.2799,0.936232
8.00311,0.821863
6.23981,0.717312
5.88718,0.696077
5.02163,0.655245
4.15637,0.581745
3.19492,0.521322
2.2338,0.429872
1.59288,0.398853
1.11238,0.356402
-0.104889,0.261714
-0.136943,0.261714
-0.809042,0.153966
-3.08242,-0.0484037
-4.20289,-0.144671
-5.96282,-0.337179
-8.171,-0.508414
-10.0584,-0.674725
