aoa,cl,cd
24.1921,-0.112195,0.0
22.142,-0.089973,0.0
20.0608,-0.078848,0.0
18.9083,-0.073078,0.0
18.1083,-0.075121,0.0
16.0281,-0.071805,0.0
13.9802,-0.070954,0.0
12.1247,-0.072572,0.0
9.98093,-0.067201,0.0
7.87014,-0.072512,0.0
5.98367,-0.0807,0.0
3.90478,-0.078206,0.0
1.85784,-0.072016,0.0
-0.284854,-0.065004,0.0
-2.20339,-0.060049,0.0
-6.23185,-0.047674,0.0
-8.4053,-0.045181,0.0
