aoa,cl,cd
24.0974,-0.121518,0.0
22.1393,-0.062148,0.0
20.1202,-0.058945,0.0
18.0047,-0.060223,0.0
15.9851,-0.065164,0.0
13.8683,-0.065221,0.0
12.1679,-0.06486,0.0
9.88925,-0.062884,0.0
8.15598,-0.064561,0.0
6.03723,-0.069508,0.0
4.04552,-0.065487,0.0
1.86035,-0.060654,0.0
-0.003985,-0.057034,0.0
-2.126,-0.053827,0.0
-4.0558,-0.049799,0.0
-6.30782,-0.046186,0.0
-7.98128,-0.042965,0.0
