aoa,cd
24.2872,-0.130628
22.0657,-0.105979
20.1653,-0.092413
19.1984,-0.09034775
17.9089,-0.090739
17.2002,-0.0866265
16.1049,-0.0816885
14.0418,-0.08452975
12.1414,-0.07629925
9.91841,-0.0729865
8.17826,-0.0750125
6.05134,-0.079903
4.05431,-0.078234
1.89675,-0.07410275
-0.067394,-0.07038475
-2.25646,-0.064204
-4.09121,-0.0588485
-6.40876,-0.053897
-8.46832,-0.04731
-10.3669,-0.04236525
-12.4574,-0.027581
