aoa,cl
24.3973,1.18984
22.1552,1.21582
21.2917,1.29215
20.3324,1.37984
19.4032,1.37009
18.1218,1.36522
17.1609,1.37009
16.1677,1.3571
14.0523,1.28565
12.2573,1.2142
10.0454,1.11678
8.18582,1.01611
6.90397,0.975525
5.7827,0.956044
4.91703,0.905713
3.85815,0.803425
1.90015,0.579367
0.937566,0.486823
-0.121881,0.355311
-1.05263,0.253026
-2.01604,0.119891
-2.97914,0.00136973
-4.10151,-0.0781779
-6.37788,-0.221032
-8.2739,-0.547375
-10.3269,-0.729196
