aoa,cl,cd
22.2052,-0.08279,0.0
20.1627,-0.082468,0.0
19.2688,-0.081688,0.0
18.3425,-0.073541,0.0
16.3618,-0.067891,0.0
15.1475,-0.065893,0.0
14.1246,-0.063888,0.0
13.0055,-0.059428,0.0
11.3101,-0.048025,0.0
10.0304,-0.048074,0.0
8.1101,-0.047739,0.0
5.64442,-0.045784,0.0
3.78624,-0.045445,0.0
1.86284,-0.034446,0.0
-0.061187,-0.032056,0.0
-2.14651,-0.030081,0.0
-4.07246,-0.023174,0.0
-6.09545,-0.023656,0.0
-8.08745,-0.015926,0.0
-10.016,-0.012708,0.0
