aoa,cl,cd
15.9858,-0.236397,0.0
15.0896,-0.237237,0.0
14.1937,-0.236025,0.0
13.5207,-0.242192,0.0
12.8464,-0.256563,0.0
11.725,-0.26479,0.0
10.9561,-0.27014,0.0
9.83658,-0.266063,0.0
8.58838,-0.266498,0.0
7.59645,-0.26529,0.0
6.79674,-0.262845,0.0
4.84477,-0.261245,0.0
2.9252,-0.257185,0.0
0.81334,-0.25477,0.0
-1.04222,-0.250708,0.0
-2.99308,-0.242136,0.0
-4.91192,-0.233564,0.0
-7.0225,-0.223355,0.0
-9.00486,-0.211913,0.0
-11.1153,-0.200884,0.0
-12.9041,-0.180004,0.0
-14.6263,-0.143537,0.0
