aoa,cl,cd
19.8294,-0.053932,0.0
18.9614,-0.055147,0.0
17.965,-0.053894,0.0
17.033,-0.051821,0.0
15.8757,-0.055082,0.0
14.7192,-0.048899,0.0
13.7234,-0.044362,0.0
12.9524,-0.041472,0.0
11.6998,-0.034877,0.0
10.9292,-0.027472,0.0
9.93352,-0.0254,0.0
8.938,-0.021685,0.0
7.94237,-0.021256,0.0
5.95163,-0.015881,0.0
3.89698,-0.010916,0.0
1.87469,-0.007594,0.0
-1.87986,0.002735,0.0
-4.06139,0.00975,0.0
-6.08218,0.015941,0.0
-8.1348,0.02049,0.0
-10.1551,0.023807,0.0
