aoa,cl
14.1908,0.795899
13.1556,0.800777
12.2171,0.835122
11.0136,1.27051
9.94821,1.15749
8.04353,0.978994
5.91362,0.777638
4.91369,0.669625
3.94627,0.559995
3.04379,0.44057
2.26936,0.394766
1.94744,0.334249
1.39905,0.296632
0.915718,0.236123
-2.56453,-0.121902
-3.07993,-0.175833
-3.11122,-0.22814
-4.07811,-0.295124
-5.07618,-0.411125
-6.20343,-0.510758
-8.07006,-0.723064
-10.1941,-0.928749
-11.1963,-0.798007
-12.1664,-0.652576
