aoa,cl
20.6666,0.685625
19.4455,0.693817
18.3855,0.762238
17.4558,1.02277
16.3951,1.04237
15.334,1.02942
14.3692,1.01319
12.5358,0.988884
10.3154,0.915729
8.31934,0.806704
6.32227,0.648777
4.13112,0.454966
1.10047,0.12421
-2.09258,-0.209945
-4.22199,-0.426817
-6.09392,-0.629066
-7.99835,-0.810166
-7.8371,-0.810158
