aoa,cl,cd
15.5033,-0.228526,0.0
14.4425,-0.253033,0.0
13.2569,-0.264095,0.0
12.0393,-0.27353,0.0
11.1436,-0.272755,0.0
10.0875,-0.272805,0.0
9.22297,-0.27366,0.0
7.78184,-0.273725,0.0
6.08393,-0.27258,0.0
5.28331,-0.26935,0.0
3.8734,-0.26492,0.0
3.23169,-0.265765,0.0
1.17929,-0.25932,0.0
-0.553308,-0.252855,0.0
-0.906986,-0.254505,0.0
-0.874863,-0.254505,0.0
-2.89794,-0.248049,0.0
-4.66452,-0.238715,0.0
-6.84995,-0.226118,0.0
-8.71341,-0.205313,0.0
-10.7698,-0.174669,0.0
-12.6996,-0.148915,0.0
