aoa,cl,cd
16.7335,-0.271638,0.0
15.8395,-0.266705,0.0
14.7504,-0.270428,0.0
13.8923,-0.252718,0.0
13.0015,-0.236242,0.0
12.1066,-0.232129,0.0
11.1123,-0.237499,0.0
10.1197,-0.23751,0.0
8.967,-0.236698,0.0
6.91714,-0.235483,0.0
4.73904,-0.232207,0.0
2.97772,-0.22645,0.0
0.861021,-0.227296,0.0
-1.06213,-0.222364,0.0
-2.92187,-0.217841,0.0
-4.97494,-0.213732,0.0
-6.9281,-0.195169,0.0
-8.81617,-0.171229,0.0
-10.7389,-0.153476,0.0
-12.6283,-0.129105,0.0
-14.6159,-0.108032,0.0
