aoa,cd
18.4495,-0.07389325
17.2041,-0.07187075
16.4361,-0.076369
15.3192,-0.06863175
14.2972,-0.06333925
13.2102,-0.06090325
11.8995,-0.0556105
11.1971,-0.047859
10.2673,-0.05276925
9.27506,-0.04992025
8.28219,-0.048296
5.81316,-0.0507725
3.82512,-0.04629525
2.31778,-0.04017475
0.262907,-0.03691925
-3.91411,-0.0242606
-5.87584,-0.01690008
-7.96851,-0.01363233
-9.96576,-0.00954227
