aoa,cl,cd
20.5958,-0.088445,0.0
18.1096,-0.030989,0.0
17.28,-0.031397,0.0
16.0683,-0.010052,0.0
15.2707,-0.004303,0.0
13.9941,-0.000193,0.0
12.0782,-0.006753,0.0
9.90674,-0.005924,0.0
7.99024,-0.004684,0.0
5.81765,-0.003033,0.0
3.93226,0.000672,0.0
1.75856,0.002324,0.0
-2.23874,0.00604,0.0
-4.158,0.010158,0.0
-6.33396,0.011402,0.0
-8.28647,0.012234,0.0
-10.3357,0.0106,0.0
-11.3927,0.008961,0.0
-14.4357,0.010209,0.0
-15.428,0.020495,0.0
-16.5161,0.03654,0.0
