aoa,cd
15.7216,-0.13036475
13.9233,-0.094095
13.4751,-0.07225225
11.9362,-0.01867598
11.3256,-0.01043185
10.4567,-0.01042778
8.42873,-0.0116546
6.11128,-0.0091711
4.11556,-0.00627668
2.15169,-0.00461863
0.026915,-0.00048652
-1.9049,0.00323285
-4.06253,0.00571708
-5.89826,0.0081999
-8.0241,0.01068445
-9.7316,0.01110568
-10.7226,0.06965275
-11.6552,0.08326325
-13.4877,0.1133705
