aoa,cl
14.7212,1.70931
12.2393,2.00042
11.3763,2.05284
10.3863,2.12489
9.40912,2.36519
8.38884,2.46505
6.70239,2.2628
4.36983,2.02305
2.68025,1.79129
0.347147,1.55958
-1.66597,1.31469
-3.77701,1.05829
-5.72668,0.814898
-7.872,0.545294
-9.72734,0.285411
-12.0402,-0.0546592
-13.962,-0.327766
