aoa,cl,cd
24.459,-0.142322,0.0
22.3717,-0.127312,0.0
20.3194,-0.100473,0.0
18.3971,-0.066692,0.0
16.3385,-0.061049,0.0
15.18,-0.059456,0.0
14.2787,-0.059077,0.0
12.1859,-0.059553,0.0
10.2521,-0.067367,0.0
8.12686,-0.067029,0.0
6.19427,-0.068316,0.0
4.13102,-0.076951,0.0
2.20017,-0.068855,0.0
-0.053894,-0.064441,0.0
-1.92222,-0.06287,0.0
-3.98323,-0.057225,0.0
-6.01278,-0.054026,0.0
