aoa,cd
20.4968,-0.0519035
18.3158,-0.0371715
16.237,-0.0044376
14.1788,-0.00606703
12.2828,-0.00278745
10.0962,-0.00196147
8.10185,-0.00236365
6.23547,-0.00399405
4.14388,-0.00480535
1.98775,-0.0052073
-0.007639,-0.0052005
-2.00482,-0.00928735
-4.03392,-0.01173715
-6.03099,-0.013778
-7.99755,-0.0195045
-10.1879,-0.0199077
