aoa,cl,cd
24.2474,0.834506,0.0
22.3836,0.810202,0.0
20.2641,0.808809,0.0
18.2731,0.809036,0.0
16.2497,0.807632,0.0
14.4193,0.811109,0.0
12.2019,0.790112,0.0
10.4033,0.790316,0.0
9.08748,0.808447,0.0
8.09164,0.806926,0.0
6.06323,0.731958,0.02022263
3.93459,0.598142,0.0168485
2.02804,0.423413,0.01441277
-0.135225,0.256869,0.01348092
-1.78471,0.088619,0.01321897
-4.11044,-0.099203,0.01382473
-4.7911,-0.189083,0.01434642
-9.92342,-0.530411,0.0
-12.1151,-0.621801,0.0
