aoa,cl
24.6148,0.713351
22.5981,0.6562
20.7088,0.589231
18.5628,0.551647
17.6979,0.535303
17.1908,1.33111
16.5818,1.305
14.4018,1.21358
12.4131,1.05673
10.424,0.934165
8.5945,0.775592
6.41147,0.598989
3.29636,0.363431
2.20398,0.242356
0.083053,0.0132475
-0.881116,-0.0702403
-2.13486,-0.215931
-2.71366,-0.304325
-4.03177,-0.386242
-5.89706,-0.574594
