aoa,cl
12.2289,2.46694
11.7865,2.67389
11.2755,2.70512
10.2509,2.67399
9.16096,2.59359
8.10284,2.51154
7.26928,2.45247
6.3065,2.35234
4.18821,2.13563
2.23118,1.9731
1.13882,1.83514
0.080614,1.77111
-1.78238,1.56414
-3.99833,1.34237
-5.86249,1.12053
-7.98318,0.898661
-9.91199,0.680033
-12.1626,0.426837
-14.0304,0.143959
-16.5137,-0.316694
