aoa,cl
18.1182,0.880955
16.1895,0.912071
15.1927,0.936627
14.1957,0.974267
13.1022,0.989023
12.1371,1.01686
10.0778,1.01857
8.04946,0.918847
6.05158,0.735564
4.11648,0.535755
1.98627,0.33414
0.144589,0.119246
-2.21533,-0.0942182
-6.35954,-0.523311
-8.30339,-0.668222
-8.43454,-0.748826
-10.4087,-0.739223
