aoa,cd
24.0881,-0.05918175
22.0338,-0.05601625
20.1069,-0.04835375
17.9547,-0.04723075
16.1551,-0.0493575
14.0656,-0.05435725
12.2325,-0.0573045
9.94826,-0.062726
8.17805,-0.06812475
6.08518,-0.06945375
3.99143,-0.07528075
1.89688,-0.07211375
-2.10114,-0.06535775
-3.9399,-0.06012875
