aoa,cl,cd
8.07161,-0.358693,0.0
7.07942,-0.343983,0.0
5.99136,-0.325998,0.0
4.97061,-0.287948,0.0
4.7256,-0.215897,0.0
4.43788,-0.208942,0.0
3.54081,-0.198722,0.0
1.2933,-0.199986,0.0
-0.633178,-0.197969,0.0
-2.72071,-0.195544,0.0
-4.74401,-0.189841,0.0
-6.60605,-0.177578,0.0
-8.56554,-0.168592,0.0
-10.7493,-0.15141,0.0
-11.7417,0.069057,0.0
-13.5641,0.135455,0.0
