aoa,cl
24.4127,1.51632
22.5532,1.55434
20.3069,1.54322
18.444,1.4828
16.227,1.43225
14.523,1.37667
12.4321,1.3047
10.2753,1.19984
8.24586,1.07519
7.31103,0.999687
6.53727,0.940589
5.31226,0.87494
3.3438,0.68929
2.47141,0.554492
0.242931,0.330869
-2.63458,-0.0409872
-3.79834,-0.14142
-5.83658,-0.371983
-7.90805,-0.594435
-9.98042,-0.805472
