aoa,cl
22.3561,1.3407
20.3329,1.3718
18.3103,1.40945
16.2884,1.45527
15.1029,1.52234
14.269,1.55015
13.1769,1.54524
10.1817,1.35226
8.18373,1.19201
6.21659,0.99907
4.02507,0.807791
1.92893,0.592
0.024674,0.358235
-1.94343,0.127765
-2.9118,0.00354202
-3.94335,-0.101048
-8.13496,-0.556955
-10.1664,-0.787332
-12.0361,-0.991542
-14.032,-1.15811
-14.8961,-1.13022
-16.0486,-1.10066
-18.1879,-0.940224
-20.0393,-0.799461
