aoa,cl
14.6934,0.740906
14.5668,0.81834
13.3131,0.85793
12.4769,0.869498
11.2871,0.894262
10.7414,0.938767
10.5193,1.05245
9.48718,0.965183
8.45473,0.869672
6.48644,0.691797
4.45211,0.471038
3.19308,0.352406
2.15956,0.243643
0.73757,0.0705813
-0.328434,-0.0382118
-0.812818,-0.081072
-1.23383,-0.156913
-2.10532,-0.217912
-2.94576,-0.313548
-4.17352,-0.430629
-6.17773,-0.643394
-8.15107,-0.884252
-8.92767,-0.981601
-9.99386,-1.06246
-10.9231,-0.900762
-12.1145,-0.866117
