aoa,cl
14.4372,2.18783
12.2517,2.57531
11.8134,2.72077
11.1412,2.74868
10.364,2.66718
9.26178,2.53674
8.22719,2.45201
7.22435,2.36399
6.37864,2.23182
5.37481,2.13398
4.43412,2.02304
2.39127,1.79624
1.28806,1.66731
0.155203,1.57269
-1.63076,1.35391
-3.93358,1.1139
-5.78496,0.893387
-7.96224,0.627067
-9.81975,0.339389
-12.0992,0.0156801
-13.8296,-0.281964
