aoa,cl,cd
12.8784,-0.119652,0.0
11.7967,-0.113473,0.0
10.7236,-0.092487,0.0
9.84429,-0.067381,0.0
9.0366,-0.029101,0.0
6.90891,-0.004763,0.0
5.88516,-0.004734,0.0
3.99726,-0.003857,0.0
1.85098,-0.004621,0.0
-2.22104,-0.005744,0.0
-4.08256,-0.006517,0.0
-6.1376,-0.006873,0.0
