aoa,cl
10.2525,1.61488
8.13201,1.68067
7.29836,1.76767
6.88757,2.00719
6.37112,1.95475
5.14515,1.85154
4.2419,1.7811
2.111,1.56148
0.141694,1.373
-1.89314,1.15332
-3.83103,0.9533
-5.73733,0.738493
-7.93394,0.518749
-10.034,0.307175
-12.1029,0.0594911
-14.0284,-0.937528
