aoa,cd
24.2377,-0.11752025
22.2545,-0.0744655
20.4281,-0.07689375
18.2498,-0.0736355
16.3276,-0.07322075
14.1494,-0.071993
12.1633,-0.07320225
9.76091,-0.0731915
8.15879,-0.0808985
6.84528,-0.08495275
5.81989,-0.091038
3.96206,-0.09427725
1.72078,-0.088177
-0.039553,-0.0763955
-4.00983,-0.071506
-6.1866,-0.06500125
-8.17142,-0.06174525
-10.2844,-0.06051825
-12.1412,-0.06010425
-13.3259,-0.06172275
-14.382,-0.058065
-16.2037,-0.02436848
-18.4747,-0.0052836
