aoa,cd
14.9071,-0.096443
13.9478,-0.0760225
13.1167,-0.03762775
12.0608,-0.0380325
11.0366,-0.03802925
9.94821,-0.035574
9.24374,-0.03679725
7.86655,-0.03679225
5.84797,-0.03760275
3.76432,-0.03841325
1.87216,-0.037998
-0.084712,-0.0310375
-4.16218,-0.0281555
-6.12185,-0.02405343
-8.11482,-0.02445285
-9.30457,-0.02403748
-10.0441,-0.02116718
-11.17,-0.0195229
-12.1988,-0.0068196
-13.2277,0.00711493
-14.0622,0.03989225
