aoa,cl
16.3816,0.744745
15.3854,0.77069
14.5867,1.38847
13.3323,1.39812
12.5272,1.30807
11.4003,1.22287
10.4984,1.14259
8.43654,0.967222
6.40608,0.798334
4.47121,0.568854
3.24561,0.457297
2.40672,0.347447
1.18057,0.216203
0.212437,0.132467
-1.17572,-0.0397972
-2.62879,-0.220308
-3.85597,-0.318933
-5.72975,-0.534056
-7.95969,-0.783776
-9.80248,-0.97284
