aoa,cl,cd
20.2783,-0.073639,0.0
19.124,-0.071589,0.0
18.5157,-0.067502,0.0
17.7146,-0.063821,0.0
16.2742,-0.051562,0.0
15.0542,-0.052367,0.0
14.1238,-0.050725,0.0
13.0959,-0.052348,0.0
12.0369,-0.050296,0.0
10.2726,-0.043337,0.0
8.2807,-0.044133,0.0
6.2559,-0.045746,0.0
4.07164,-0.041639,0.0
2.20933,-0.034265,0.0
-0.10328,-0.025659,0.0
-4.08908,-0.015396,0.0
-5.89006,-0.011695,0.0
