aoa,cl
24.2203,1.01742
22.2684,1.07158
20.1812,1.54829
18.3267,1.51002
16.313,1.42716
15.1625,1.37416
14.3001,1.31295
12.1917,1.17892
10.3075,1.04164
8.10368,0.897713
6.38031,0.725825
4.24174,0.539039
2.23103,0.363842
0.061453,0.152344
-3.989,-0.282079
-5.83786,-0.508296
-8.00646,-0.719693
-9.98361,-0.907955
-12.0885,-1.09127
-13.9387,-1.22837
-14.8318,-1.29279
-16.0478,-1.22538
-17.8232,-0.523276
