aoa,cl
24.2332,1.07119
22.2788,1.13012
20.2224,1.44159
18.2999,1.47923
17.2403,1.58745
16.1524,1.54147
14.1372,1.43969
12.123,1.30511
10.2054,1.15907
8.06481,0.983533
6.08464,0.808028
4.04194,0.594855
3.01925,0.534168
2.47712,0.466954
2.12583,0.439079
-0.011116,0.194848
-2.02055,-0.0198388
-2.37066,-0.07718
-4.06153,-0.236122
-5.91012,-0.450712
-7.98242,-0.663636
-9.95914,-0.855238
-12.0636,-1.04354
-13.8513,-1.14836
-16.1886,-0.374376
-18.1024,-0.533303
-20.3084,-0.597283
