aoa,cl,cd
23.4208,-0.099991,0.0
22.2669,-0.090928,0.0
21.1766,-0.08475,0.0
19.8981,-0.056305,0.0
18.8709,-0.05466,0.0
17.811,-0.054665,0.0
16.7824,-0.057969,0.0
14.7582,-0.059215,0.0
12.7008,-0.06335,0.0
10.8357,-0.067485,0.0
8.64883,-0.070797,0.0
7.7802,-0.072864,0.0
6.78265,-0.075758,0.0
4.91671,-0.077832,0.0
2.7606,-0.080734,0.0
1.66762,-0.0762,0.0
0.670393,-0.074554,0.0
-1.29258,-0.072913,0.0
-3.54507,-0.068383,0.0
-7.53692,-0.061796,0.0
