aoa,cl,cd
10.3907,1.77178,0.0
9.20482,1.95518,0.0
8.1792,2.1419,0.0
7.24864,2.17303,0.0
6.25278,2.06493,0.0
5.32102,1.96991,0.0
4.29261,1.85357,0.0
2.23529,1.64377,0.0
0.2412,1.40274,0.0
-1.7857,1.18292,0.0
-3.94217,0.951526,0.0
-5.97085,0.718405,0.0
-8.06484,0.472056,0.0
-10.1277,0.191149,0.0
-12.1269,-0.066882,0.0
-13.2558,-0.218124,0.0
