aoa,cd
24.097,-0.08012175
22.2005,-0.067005
20.0472,-0.0444485
18.1194,-0.01573063
16.9298,-0.0108168
15.8688,-0.0075438
14.1003,-0.00304675
11.9135,-0.00183865
10.0162,-0.00021687
7.86121,-0.0063985
5.99608,-0.00436583
3.87349,-0.0056204
2.04067,-0.00071343
-0.306939,8.238e-05
-2.04334,0.0041693
-5.99909,0.0024844
-8.2179,0.0069767
-9.89046,0.00244245
-12.1094,0.0040608
-16.1936,0.00853303
-16.1606,0.02372448
-17.9277,0.059015
-20.2755,0.05857925
-22.2369,0.067591
-22.0756,0.07580425
