aoa,cl
18.2554,0.856426
16.2122,1.00695
15.383,1.13088
14.2315,1.1245
12.3103,1.04561
11.1891,1.00122
10.0351,0.938655
8.23841,0.805109
6.08765,0.661606
4.09555,0.50971
2.00488,0.322968
-0.119585,0.132775
-2.11719,-0.0608827
-4.27745,-0.266283
-6.24591,-0.458579
-8.2472,-0.624478
-10.0876,-0.753976
