aoa,cl,cd
20.4693,0.819154,0.0
18.3875,1.02524,0.0
17.3612,1.08289,0.0
16.5253,1.063,0.0
15.3041,1.04471,0.0
14.3402,1.03141,0.0
13.2789,0.983444,0.0
12.5391,0.942118,0.0
11.3179,0.910646,0.0
10.0638,0.844532,0.0
9.13175,0.8065,0.0
8.19932,0.753626,0.02058129
7.29849,0.679321,0.01789482
6.14089,0.600054,0.01522627
4.17838,0.415201,0.01236705
2.21628,0.225453,0.01113567
-1.86553,-0.111051,0.0111301
-4.05249,-0.384685,0.01256483
-6.17253,-0.572573,0.0157609
-8.19467,-0.710998,0.02021449
