aoa,cd
15.5239,-0.0988475
13.4395,-0.091453
12.0603,-0.07051925
11.1618,-0.00281095
9.97525,-0.0044443
8.82063,-0.006078
7.89046,-0.00648225
5.83748,-0.0060585
4.00885,-0.00194271
1.95541,-0.00110822
-0.098267,0.00013681
-2.12007,0.00425493
-4.11002,0.0063209
-5.97178,0.0092072
-8.15485,0.0079909
-9.95222,0.0433085
-11.4282,0.09545375
-13.5473,0.1049155
-15.5705,0.10575625
