cl,cd
0.608903,0.0218618
0.442775,0.0178779
0.292887,0.0139114
0.136969,0.0121074
-0.025059,0.0122689
-0.184943,0.0154614
-0.325452,0.0185407
