aoa,cl
28.3691,1.203
26.5683,1.14328
24.5435,1.12826
22.2952,1.1993
20.3367,1.3101
18.3133,1.37288
16.2896,1.38102
14.2978,1.34777
12.2096,1.25494
10.2185,1.20185
8.16312,1.07928
5.98029,1.05102
4.21472,0.903702
1.93621,0.667106
-0.020624,0.440538
-2.23323,0.222311
-4.09232,-0.00903568
-6.27114,-0.250207
-6.97542,-0.436785
