aoa,cl
14.1812,1.66126
13.3598,2.4136
12.3395,2.49927
11.0943,2.48484
9.9758,2.42273
9.0487,2.36876
8.0891,2.29507
7.09694,2.20163
6.16838,2.10651
4.34253,1.93095
2.06699,1.73891
1.07242,1.62553
0.013608,1.52529
-1.91326,1.29832
-4.03392,1.07614
-6.05967,0.865328
-8.0879,0.601592
-12.1163,0.103226
-14.2135,-0.16276
