aoa,cl,cd
24.4311,-0.103907,0.0
22.4257,-0.081906,0.0
20.3882,-0.06891,0.0
18.3504,-0.06574,0.0
17.2677,-0.064158,0.0
16.1848,-0.062986,0.0
14.21,-0.063089,0.0
12.171,-0.061147,0.0
10.1636,-0.06207,0.0
8.18773,-0.06463,0.0
6.02032,-0.074167,0.0
5.03202,-0.074219,0.0
1.9708,-0.069872,0.0
0.02515,-0.064645,0.0
-2.11225,-0.061067,0.0
-4.05864,-0.056658,0.0
-6.06918,-0.053892,0.0
-8.01629,-0.049892,0.0
