aoa,cd
24.1264,-0.07674775
20.1201,-0.0577235
18.1321,-0.04922475
16.1123,-0.0517205
13.9636,-0.054628
12.1671,-0.05549
9.98478,-0.0539175
8.86182,-0.05965175
7.00054,-0.0690745
5.97267,-0.065842
4.0773,-0.06181725
1.9243,-0.05739025
-0.004065,-0.056218
-2.1906,-0.050974
-6.27573,-0.045369
-8.01355,-0.0421495
