aoa,cl,cd
12.3171,1.77693,0.0
11.3241,1.98663,0.0
10.2034,2.15544,0.0
9.75508,2.21774,0.0
9.08209,2.36688,0.0
8.25051,2.32441,0.0
7.29114,2.22953,0.0
6.10741,2.13628,0.0
4.31563,1.92507,0.0
2.39476,1.72032,0.0
1.27373,1.61218,0.0
0.376729,1.51547,0.0
-1.80261,1.28427,0.0
-3.79046,1.02832,0.0
-5.68309,0.777164,0.0
-7.80154,0.519293,0.0
-9.82487,0.280996,0.0
-11.9134,-0.005087,0.0
