aoa,cl,cd
21.9783,-0.184584,0.0
19.9928,-0.169613,0.0
18.6481,-0.166021,0.0
17.6864,-0.155062,0.0
16.98,-0.137151,0.0
16.1387,-0.061709,0.0
14.7927,-0.056876,0.0
13.8954,-0.056102,0.0
13.0628,-0.061039,0.0
12.0692,-0.061495,0.0
9.85729,-0.066092,0.0
7.86892,-0.069863,0.0
5.91145,-0.070367,0.0
3.72852,-0.071699,0.0
1.76905,-0.069342,0.0
-0.126495,-0.07066,0.0
-2.31293,-0.065451,0.0
-4.30716,-0.061867,0.0
-6.30243,-0.056645,0.0
-8.61996,-0.055117,0.0
