aoa,cl,cd
15.2094,-0.119737,0.0
13.0345,-0.116497,0.0
12.3613,-0.085876,0.0
11.9737,-0.00626,0.0
10.9502,-0.008306,0.0
9.83052,-0.009128,0.0
7.84656,-0.006688,0.0
6.88642,-0.005876,0.0
5.86213,-0.005064,0.0
3.94124,-0.003439,0.0
1.76366,-0.001815,0.0
-0.222327,0.000219,0.0
-2.2729,0.002253,0.0
-4.13171,0.004697,0.0
-5.09336,0.007554,0.0
-8.39577,0.00795,0.0
-10.4484,0.005489,0.0
