aoa,cl
24.3686,1.05899
22.3737,1.11568
20.3186,1.22719
18.3964,1.39185
17.269,1.40858
16.3028,1.4253
14.2685,1.38565
12.3317,1.3543
10.2296,1.25822
8.12707,1.14887
7.02532,1.05936
6.28009,0.998033
5.18123,0.946716
4.17384,0.814091
3.16885,0.714677
2.16269,0.593722
1.15677,0.472796
-0.041354,0.363529
-1.04698,0.239343
-1.89074,0.126765
-4.12499,-0.103208
-5.93935,-0.321545
-8.10456,-0.501665
-10.0174,-0.785992
-12.2439,-0.944427
