aoa,cl
24.3826,1.38554
21.3193,1.41179
20.2658,1.4069
19.4036,1.49209
18.254,1.43969
17.2959,1.39384
16.2097,1.34962
15.4429,1.29227
14.1008,1.22509
12.1509,1.10052
10.0405,0.966068
7.99334,0.823371
7.16152,0.752832
5.94549,0.669144
4.92111,0.641208
4.05682,0.570636
3.0964,0.477084
1.94371,0.363817
0.790842,0.240687
-0.105939,0.135608
-1.00282,0.023951
-3.05345,-0.199445
-4.07914,-0.286557
-6.32348,-0.475629
-8.11934,-0.663047
-10.3332,-0.825981
