aoa,cl
22.5934,1.05002
20.4014,1.20109
18.3614,1.24404
17.5356,1.31631
16.3876,1.34603
15.5536,1.29207
14.3022,1.21684
12.3116,1.099
10.1888,0.94658
8.19126,0.780853
6.18878,0.572212
4.99507,0.480154
4.18493,0.373227
3.15053,0.27942
2.11476,0.174038
0.916226,0.0488255
0.948257,0.0471795
-0.902045,-0.178703
-2.06979,-0.297526
-3.10812,-0.399907
-4.17883,-0.497395
-5.1534,-0.59492
-6.16122,-0.699105
-8.17858,-0.909288
-10.1919,-1.04528
-12.2736,-1.20458
-14.3231,-1.34084
