aoa,cl
14.378,2.27277
13.6093,2.35191
12.2385,2.7084
11.3372,2.65044
10.2753,2.58916
9.01926,2.4717
8.14953,2.38075
7.15104,2.27493
6.21705,2.17409
5.02563,2.04681
4.28444,1.94273
2.22478,1.73947
0.068525,1.49996
-1.8945,1.26386
-3.95264,1.0476
-5.91487,0.795146
-7.97249,0.549356
-10.0944,0.265742
-11.9279,-0.0441129
