aoa,cl
24.0829,0.902952
22.2491,0.894687
20.2218,0.848896
18.0976,0.760689
16.1342,0.765451
14.0417,0.819143
12.9462,1.23028
12.1088,1.23351
10.9815,1.18286
9.88649,1.11425
8.01861,0.970521
6.15095,0.790894
4.0907,0.52316
2.19096,0.361502
-0.127086,0.141092
-4.18293,-0.276795
-6.21079,-0.474305
-8.30347,-0.639211
