aoa,cl,cd
8.15124,1.65873,0.0
7.02648,1.66368,0.0
6.06237,1.6621,0.0
4.96673,1.74678,0.0
4.00211,1.74847,0.0
2.90928,1.73064,0.0
2.01243,1.61187,0.0
0.98879,1.42797,0.0
-0.035179,1.24728,0.0
-2.08735,0.998157,0.0
-3.8526,0.814086,0.0
-6.13306,0.598968,0.0
-8.02806,0.393553,0.0
-10.4387,0.153781,0.0
-12.1785,-0.933758,0.0
