cl,cm
0.374147,0.0002296
0.162729,-0.00017095
-0.035849,0.00229058
-0.258488,0.00270843
-0.481154,0.00189938
