aoa,cd
24.4306,-0.10899325
22.3505,-0.07527825
20.1411,-0.05943175
18.1226,-0.06064125
16.1044,-0.06022625
15.2713,-0.062659
13.1244,-0.07077025
12.0348,-0.077262
9.95253,-0.08009475
5.788,-0.08941375
3.86675,-0.084939
1.7847,-0.08980125
-0.072522,-0.0877625
-2.21745,-0.08085125
-4.07391,-0.07191175
-6.31505,-0.06946625
