aoa,cl
19.3786,1.06801
18.3178,1.14817
17.1284,1.29539
16.2282,1.38537
15.4245,1.48843
14.0742,1.53918
13.1099,1.44763
12.1777,1.36426
10.0565,1.17138
9.06035,1.06024
8.12846,0.973621
6.04005,0.744833
4.94778,0.627185
4.01617,0.534056
1.99257,0.323308
-1.95725,-0.125879
-4.01204,-0.349602
-8.98738,-0.870395
-10.2389,-1.00914
-11.1053,-1.1038
-12.1001,-1.19192
-12.9992,-1.2033
-14.2521,-1.14772
-15.1522,-1.05134
-16.2127,-0.964741
-18.2048,-0.856863
