aoa,cd
20.3722,-0.06738325
18.1794,-0.0649285
16.1485,-0.0550735
15.217,-0.03205425
14.1842,-0.0295885
10.0156,-0.0361755
7.94553,-0.043585
6.00507,-0.045236
3.93434,-0.04771125
1.9924,-0.04936375
-0.306568,-0.05184125
-2.18529,-0.053495
-4.29181,-0.05762125
-6.10697,-0.0580405
-8.18238,-0.06010875
-10.1934,-0.058469
