aoa,cd
24.4486,-0.07926625
22.4249,-0.0772405
21.4612,-0.07073325
20.2726,-0.059342
19.3406,-0.058938
18.2802,-0.05242875
17.4123,-0.050803
16.255,-0.0479565
15.2906,-0.041445
14.2939,-0.0361545
13.3289,-0.03900625
12.2036,-0.0259785
10.2415,-0.01702163
8.3108,-0.0149865
6.18656,-0.01172895
4.19065,-0.00643363
2.12981,-0.00195186
0.036211,0.00171606
-0.028203,0.00212358
-2.0256,0.0078301
-3.79787,0.01313015
-6.08639,0.0172092
-8.08539,0.01965818
-9.95576,0.02414615
