aoa,cl,cd
14.1061,1.76816,0.0
13.3021,1.94485,0.0
12.2088,2.07412,0.0
11.2759,2.33755,0.0
10.1827,2.33758,0.0
9.25036,2.28853,0.0
8.061,2.17895,0.0
7.22531,2.09391,0.0
5.97169,2.0187,0.0
3.17574,1.7718,0.0
1.82623,1.62956,0.0
0.990953,1.5282,0.0
0.027222,1.41376,0.0
-2.1896,1.24543,0.0
-4.18086,1.01988,0.0
-6.17192,0.809081,0.0
-8.25903,0.590142,0.0
-10.2815,0.359792,0.0
-12.0788,0.129468,0.0
-14.1323,-0.15799,0.0
