aoa,cl,cd
18.1182,0.880955,0.01600955
16.1895,0.912071,0.01674658
15.1927,0.936627,0.0
14.1957,0.974267,0.0
13.1022,0.989023,0.0
12.1371,1.01686,0.0
10.0778,1.01857,0.0
8.04946,0.918847,0.01690708
6.05158,0.735564,0.01266428
4.11648,0.535755,0.01063876
1.98627,0.33414,0.00944492
0.144589,0.119246,0.00926126
-2.21533,-0.094218,0.009775
-6.35954,-0.523311,0.0
-8.30339,-0.668222,0.0
-8.43454,-0.748826,0.0
-10.4087,-0.739223,0.0
