aoa,cl,cd
16.1666,2.14826,0.0
14.9533,2.19077,0.0
13.8037,2.22676,0.0
13.047,2.66637,0.0
12.087,2.61445,0.0
11.063,2.56415,0.0
9.9422,2.47155,0.0
9.04488,2.37077,0.0
8.14716,2.25371,0.0
5.96868,2.04731,0.0
4.01393,1.84412,0.0
2.0272,1.6458,0.0
-0.024322,1.41493,0.0
-2.13966,1.19544,0.0
-3.90323,0.980784,0.0
-6.11514,0.743378,0.0
-7.97551,0.497777,0.0
-10.1571,0.191965,0.0
-12.0826,-0.099236,0.0
-14.3599,-0.382274,0.0
