aoa,cl,cd
18.1675,-0.162378,0.0
17.3031,-0.162836,0.0
16.6546,-0.092287,0.0
15.7236,-0.073563,0.0
14.4416,-0.068728,0.0
13.5126,-0.071222,0.0
12.3911,-0.073726,0.0
11.3976,-0.076224,0.0
9.50579,-0.077134,0.0
7.61321,-0.078044,0.0
5.39875,-0.077745,0.0
3.24757,-0.077851,0.0
1.35241,-0.077535,0.0
-0.415683,-0.071083,0.0
-2.53749,-0.06955,0.0
-4.46707,-0.069235,0.0
-6.65541,-0.064433,0.0
-8.58725,-0.059207,0.0
-10.5844,-0.053164,0.0
-11.4646,0.029053,0.0
-12.7546,0.038827,0.0
