cl,cm
0.626022,0.0081828
0.433267,0.0028226
0.214722,0.0048028
0.007303,0.00842145
-0.205115,0.00264238
-0.430526,0.00176119
