aoa,cl,cd
14.9622,-0.334628,0.0
12.9128,-0.27761,0.0
12.5004,-0.245541,0.0
11.2755,-0.251395,0.0
10.1793,-0.256833,0.0
9.14795,-0.25935,0.0
7.9554,-0.261873,0.0
7.08517,-0.26314,0.0
6.02228,-0.260243,0.0
4.89354,-0.264015,0.0
3.12076,-0.263215,0.0
1.12144,-0.26492,0.0
-1.00578,-0.257873,0.0
-3.13326,-0.249154,0.0
-4.84231,-0.243347,0.0
-6.74546,-0.237958,0.0
-8.13295,-0.235063,0.0
-8.87424,-0.227984,0.0
-10.0361,-0.225083,0.0
-12.1645,-0.208012,0.0
-12.9055,-0.196758,0.0
-13.9365,-0.180499,0.0
