aoa,cl,cd
19.1889,-0.108794,0.0
18.1272,-0.117019,0.0
16.9992,-0.05148,0.0
16.0655,-0.028966,0.0
15.1643,-0.028573,0.0
14.1341,-0.03023,0.0
12.9105,-0.033122,0.0
12.0731,-0.036416,0.0
9.88235,-0.038917,0.0
7.91628,-0.038545,0.0
5.94944,-0.038993,0.0
4.0788,-0.033697,0.0
1.85222,-0.0362,0.0
-0.148908,-0.029673,0.0
-6.28672,-0.024037,0.0
-8.2265,-0.02284,0.0
-10.3288,-0.022466,0.0
