aoa,cl,cd
16.2132,2.36771,0.0
15.32,2.47325,0.0
14.1342,2.51295,0.0
13.2372,2.55096,0.0
12.3058,2.54615,0.0
11.182,2.55125,0.0
10.1234,2.57447,0.0
8.90326,2.58453,0.0
8.09701,2.52862,0.0
6.96915,2.46945,0.0
6.00004,2.37894,0.0
4.15768,2.19621,0.0
1.96159,2.02335,0.0
0.081993,1.77454,0.0
-2.0842,1.58835,0.0
-4.02967,1.33772,0.0
-6.13723,1.0804,0.0
-8.08341,0.842792,0.0
-10.1929,0.580329,0.0
-12.1087,0.335929,0.0
-14.3824,0.050133,0.0
-16.298,-0.166364,0.0
