aoa,cl,cd
16.1759,-0.231277,0.0
15.249,-0.225599,0.0
14.0358,-0.26909,0.0
12.853,-0.27777,0.0
11.7975,-0.27825,0.0
8.69355,-0.278863,0.0
7.70107,-0.278518,0.0
6.93254,-0.27816,0.0
5.81141,-0.274543,0.0
4.56175,-0.268063,0.0
2.70286,-0.267363,0.0
0.810962,-0.26215,0.0
-0.825216,-0.252408,0.0
-3.00747,-0.250083,0.0
-5.03055,-0.236249,0.0
-7.02243,-0.222409,0.0
-8.98337,-0.194597,0.0
-11.0416,-0.170474,0.0
-12.6503,-0.145497,0.0
-14.5493,-0.119291,0.0
