aoa,cl,cd
21.8983,-0.055991,0.0
20.1996,0.009625,0.0
18.172,0.004357,0.0
17.1743,0.001519,0.0
16.0809,0.007239,0.0
15.2121,0.007251,0.0
14.0212,0.002786,0.0
11.9297,0.002409,0.0
9.87051,0.00366,0.0
7.8436,0.007356,0.0
5.84794,-0.001579,0.0
5.88009,-0.001987,0.0
4.91431,-0.008493,0.0
2.62988,-0.005201,0.0
-2.19638,0.006277,0.0
-4.19124,0.013233,0.0
-5.02819,0.008355,0.0
-7.08849,-0.007508,0.0
-8.15046,-0.007492,0.0
