aoa,cl,cd
24.4508,1.2705,0.01404736
22.4582,1.35787,0.01592216
20.3639,1.35982,0.01596422
18.4316,1.37982,0.01639566
16.3695,1.38669,0.01654386
14.3406,1.41493,0.01729834
12.2763,1.38894,0.0165924
10.2061,1.25775,0.01382794
8.19962,1.11505,0.01135533
6.22264,0.924667,0.00796115
3.92261,0.724457,0.00621601
2.07199,0.489662,0.00577825
0.060437,0.261453,0.00571376
-1.952,0.018442,0.00556412
-4.22251,-0.224549,0.0
