aoa,cl,cd
19.481,-0.074539,0.0
18.2264,-0.069173,0.0
17.2935,-0.064227,0.0
16.2,-0.055587,0.0
15.3956,-0.055563,0.0
14.0767,-0.050606,0.0
13.1761,-0.04607,0.0
11.3113,-0.025524,0.0
10.1854,-0.024261,0.0
8.15897,-0.018464,0.0
6.13254,-0.015126,0.0
4.23515,-0.007694,0.0
0.022249,0.002673,0.0
-1.81084,0.005185,0.0
-3.6758,0.010565,0.0
-5.89429,0.017595,0.0
-8.11277,0.022986,0.0
-10.0419,0.026319,0.0
