aoa,cl,cd
12.1608,1.65126,0.0
11.1574,1.6062,0.0
10.3118,1.6578,0.0
8.16672,1.63834,0.0
7.09391,1.68032,0.0
6.22717,1.76974,0.0
5.15021,1.80025,0.0
4.2115,1.76167,0.0
3.10328,1.69203,0.0
2.30297,1.58435,0.0
5.7e-05,1.37285,0.0
-1.81801,1.17899,0.0
-3.89457,0.977114,0.0
-5.90836,0.771884,0.0
-7.86128,0.55674,0.0
-9.94824,0.32199,0.0
-11.0322,0.122602,0.0
-12.2624,-0.678385,0.0
