aoa,cl,cd
13.1044,2.21523,0.0
12.2731,2.33889,0.0
11.059,2.40908,0.0
10.1012,2.37198,0.0
8.24943,2.20023,0.0
6.17254,1.99261,0.0
4.18964,1.82711,0.0
2.10936,1.59311,0.0
0.187365,1.39472,0.0
-2.21734,1.15057,0.0
-3.98234,0.951804,0.0
-6.10215,0.707204,0.0
-8.03104,0.460741,0.0
-10.0904,0.19118,0.0
-12.184,-0.090085,0.0
