aoa,cl
12.0527,1.67756
11.2521,1.72029
10.0021,1.75976
9.13877,1.84027
8.08085,1.86988
7.02388,1.92412
5.99677,1.92581
5.12914,1.90614
4.09786,1.81912
3.13074,1.737
2.06525,1.61706
0.030746,1.40171
-2.00598,1.16813
-4.00988,0.9739
-6.20959,0.751547
-8.18634,0.512569
-10.1642,0.278374
-12.1144,-0.0120822
-12.1468,-0.0137346
-14.3489,-0.702572
