aoa,cl,cd
9.3744,1.86021,0.0
8.45147,1.94689,0.0
7.74751,1.96993,0.0
6.9153,1.99629,0.0
6.40166,1.99645,0.0
5.7271,1.9934,0.0
5.27474,1.96256,0.0
4.23859,1.87153,0.0
2.39018,1.69253,0.0
0.248978,1.49711,0.0
0.216796,1.49712,0.0
-1.76944,1.2606,0.0
-3.98211,1.03696,0.0
-5.90276,0.853963,0.0
-8.153,0.621692,0.0
-9.98491,0.395695,0.0
-12.1755,0.158007,0.0
-14.3104,-0.142328,0.0
