aoa,cl,cd
20.0935,-0.097582,0.0
18.27,-0.081937,0.0
16.1895,-0.074927,0.0
13.9498,-0.059279,0.0
11.8037,-0.06543,0.0
9.91367,-0.072406,0.0
7.7031,-0.080614,0.0
5.58832,-0.090057,0.0
3.63412,-0.094566,0.0
1.71264,-0.092493,0.0
-0.369518,-0.094121,0.0
-4.21317,-0.092443,0.0
