aoa,cl,cd
13.2252,2.26849,0.0
12.4237,2.78454,0.0
11.8759,2.84359,0.0
11.1658,2.8044,0.0
10.1325,2.72266,0.0
8.96978,2.63436,0.0
8.25881,2.5509,0.0
7.19255,2.46583,0.0
6.15841,2.38729,0.0
4.21818,2.17934,0.0
2.21256,1.97622,0.0
0.950842,1.87957,0.0
0.108859,1.7517,0.0
-2.15746,1.53529,0.0
-3.97175,1.31877,0.0
-6.14321,1.07262,0.0
-7.99181,0.82308,0.0
-10.1982,0.51759,0.0
-12.1459,0.244826,0.0
-14.127,-0.036271,0.0
-16.1415,-0.324067,0.0
