aoa,cl
9.29275,2.14779
8.23996,2.34278
7.2515,2.38368
6.16785,2.29997
4.19174,2.10467
2.15156,1.90278
0.174968,1.6779
-1.99339,1.45788
-3.9068,1.23294
-6.04381,0.989887
-7.98968,0.755029
-10.1592,0.495491
-12.0096,0.221206
-14.2435,-0.0810826
