aoa,cl,cd
13.1723,1.8627,0.0
12.2126,2.04474,0.0
11.3169,2.11368,0.0
10.037,2.23187,0.0
9.04488,2.28609,0.0
8.11642,2.39937,0.0
7.31631,2.35845,0.0
6.03587,2.29952,0.0
4.0191,2.07165,0.0
1.87341,1.86668,0.0
-0.016527,1.64686,0.0
-2.13131,1.38922,0.0
-4.02237,1.15613,0.0
-6.10656,0.931169,0.0
-8.12702,0.666727,0.0
-10.2124,0.420264,0.0
-12.2341,0.137593,0.0
-14.5135,-0.132058,0.0
-16.2471,-0.416503,0.0
