aoa,cl,cd
15.3181,2.22678,0.0
14.2824,2.38367,0.0
13.2425,2.63716,0.0
12.4359,2.68452,0.0
11.2138,2.65816,0.0
10.2513,2.58601,0.0
9.2584,2.47787,0.0
8.39271,2.4074,0.0
6.21382,2.21409,0.0
4.29381,2.00783,0.0
2.18199,1.79673,0.0
1.06202,1.69366,0.0
0.167065,1.59554,0.0
-2.00676,1.37809,0.0
-3.85813,1.15916,0.0
-5.99743,0.935405,0.0
-8.0685,0.664498,0.0
-10.106,0.390495,0.0
-12.014,0.116672,0.0
-14.1135,-0.153759,0.0
-14.939,-0.279127,0.0
