aoa,cl,cd
17.0586,-0.28357,0.0
15.8476,-0.273478,0.0
14.954,-0.2601,0.0
14.0323,-0.27157,0.0
13.462,-0.289943,0.0
12.1588,-0.308778,0.0
11.2359,-0.316998,0.0
10.4397,-0.321543,0.0
8.20912,-0.332315,0.0
7.252,-0.332798,0.0
5.33687,-0.333358,0.0
4.25118,-0.333853,0.0
2.23772,-0.330343,0.0
0.031014,-0.326028,0.0
-2.05004,-0.31721,0.0
-4.13355,-0.30267,0.0
-6.09046,-0.287293,0.0
-8.14389,-0.27641,0.0
-10.1029,-0.263058,0.0
-12.0009,-0.240289,0.0
-14.065,-0.197877,0.0
