aoa,cl
24.3095,0.972005
22.6075,1.13782
21.741,1.26261
21.2599,1.35621
20.3277,1.38738
19.2339,1.36434
18.4938,1.33967
18.0435,1.33801
17.1766,1.43324
16.2756,1.40692
15.1815,1.36088
14.4411,1.31815
12.2524,1.19651
10.3847,1.03054
8.32369,0.843216
6.3269,0.642759
4.10472,0.419303
2.14008,0.210646
0.079111,0.0101997
-1.88597,-0.237862
-4.01124,-0.444869
-5.91188,-0.691272
-8.10111,-0.878567
-9.9688,-1.07241
-12.0933,-1.23342
-14.056,-1.32218
