aoa,cl,cd
10.2015,1.57885,0.0
9.10751,1.67766,0.0
8.23822,1.76166,0.0
7.11434,1.80949,0.0
6.08744,1.83592,0.0
5.25227,1.86892,0.0
4.16611,1.7949,0.0
2.15603,1.59571,0.0
-0.01509,1.38653,0.0
-1.93023,1.1723,0.0
-4.07231,0.977731,0.0
-6.24652,0.759965,0.0
-8.16425,0.535498,0.0
-10.0183,0.305976,0.0
-11.074,0.18373,0.0
-12.1623,0.061446,0.0
-14.1763,-0.833712,0.0
