aoa,cl,cd
16.6663,0.793435,0.01737227
14.6849,0.8408,0.0185892
12.3821,0.925874,0.0
11.4865,0.938934,0.0
10.4628,0.95199,0.0
9.47131,0.935532,0.0
8.4804,0.879708,0.02020583
7.29825,0.774655,0.01688976
6.27636,0.651559,0.01378724
4.23021,0.49717,0.01110986
3.27245,0.354358,0.01025956
2.18584,0.237757,0.00963861
0.202648,0.079989,0.00941139
-2.57711,-0.299415,0.01017361
-3.82448,-0.430898,0.01100019
-5.80752,-0.652791,0.01382254
-8.17698,-0.850244,0.01817677
-8.91313,-0.927544,0.0
