aoa,cl
22.4143,1.2016
20.3936,1.29163
18.2414,1.30638
16.219,1.34076
14.328,1.43401
13.1723,1.44383
12.2096,1.4602
10.1817,1.3539
8.28042,1.20019
6.15536,1.06285
5.18663,0.938587
4.1235,0.853577
2.12324,0.629605
0.090163,0.386032
-1.9101,0.153927
-2.87863,0.0264339
-4.00602,-0.0699734
-6.10298,-0.320014
-8.19918,-0.558585
-10.0372,-0.767723
-12.002,-0.949032
