cl,cm
0.797064,0.00034534
0.764684,0.00156195
0.674016,-0.00179651
-0.034014,0.0026995
-0.261023,0.00172817
-0.666616,0.00146768
