aoa,cd
17.1275,-0.3653225
14.8825,-0.35423
14.3371,-0.33577
13.2781,-0.223425
12.2839,-0.2217675
11.2896,-0.22256925
10.1025,-0.22336725
9.33244,-0.225403
6.15487,-0.22534575
5.12742,-0.2261475
4.03559,-0.226128
1.11249,-0.22484475
-0.815459,-0.221938
-2.87254,-0.21902825
-5.02639,-0.2107805
-6.79469,-0.2004865
-8.88462,-0.1836165
-11.0069,-0.163459
-12.9366,-0.145765
