aoa,cl
14.3243,2.29189
13.2735,2.60723
12.2161,2.61891
11.3174,2.56849
10.0327,2.45772
8.97283,2.3779
8.23342,2.28984
6.36881,2.08436
4.18281,1.88868
2.28508,1.68799
1.19132,1.57866
0.129707,1.48238
-1.80145,1.26851
-3.70116,1.03824
-5.73005,0.803014
-7.79169,0.564461
-9.95084,0.283354
-12.0138,0.0152567
-14.0445,-0.1614
