aoa,cl
12.1477,2.41203
11.3799,2.48427
10.1321,2.54019
9.10809,2.55344
8.14808,2.50927
7.1881,2.40604
6.00381,2.31265
4.08298,2.12087
1.93738,1.89622
0.047399,1.68789
-2.13166,1.46309
-4.02267,1.21523
-6.17096,0.972214
-8.09511,0.69957
-10.2448,0.466245
-12.2985,0.170435
-14.3853,-0.0811188
