aoa,cl,cd
14.3732,2.33952,0.0
13.2305,2.45621,0.0
12.245,2.53684,0.0
11.3198,2.56505,0.0
10.2282,2.49996,0.0
9.10547,2.45615,0.0
8.23432,2.35322,0.0
6.10747,2.16374,0.0
4.10701,1.97894,0.0
2.16454,1.73646,0.0
0.221841,1.51837,0.0
-1.98084,1.29023,0.0
-3.9933,1.05687,0.0
-6.07262,0.819975,0.0
-8.1533,0.594353,0.0
-10.1111,0.32064,0.0
-12.33,0.041655,0.0
-14.3553,-0.211211,0.0
