aoa,cl
12.1511,1.63025
10.0651,1.82909
9.16414,2.00182
8.10199,2.2075
7.01396,2.15961
5.92679,2.07549
4.10497,1.90236
1.9633,1.70447
1.03707,1.59073
0.174564,1.49017
-2.09427,1.25274
-4.0745,1.01043
-6.15178,0.797719
-8.00396,0.562011
-10.1764,0.316368
-11.9949,0.0329579
-14.2933,-0.28016
