aoa,cl
13.1948,2.2083
12.2474,2.53124
11.865,2.57056
11.3205,2.55576
10.3606,2.5524
9.20535,2.46212
8.08181,2.36528
7.24587,2.26027
6.21885,2.17819
4.16316,1.97304
2.23524,1.76462
1.11131,1.66121
0.051213,1.55452
-1.8446,1.35265
-4.06164,1.12121
-5.82988,0.912766
-8.07949,0.671469
-10.0412,0.430186
-12.1633,0.180676
-13.9011,-0.0573289
-16.1208,-0.34132
