aoa,cl
14.1334,1.09094
13.2028,1.15195
12.3038,1.18824
11.1796,1.19486
10.1201,1.25754
8.15809,1.06959
6.03549,0.908013
5.07015,0.790941
4.07281,0.692003
3.20395,0.586466
1.94923,0.471028
0.983827,0.362185
-0.04592,0.251687
-0.786328,0.144491
-2.23426,0.0174845
-3.90809,-0.193633
-4.87364,-0.297552
-6.12864,-0.396542
-8.09166,-0.543394
