aoa,cl,cd
10.3217,1.54203,0.0
8.07036,1.68144,0.0
7.17164,2.08309,0.0
6.33474,2.00443,0.0
4.21023,1.79959,0.0
2.18213,1.59145,0.0
-0.039081,1.38658,0.0
-1.7778,1.17186,0.0
-3.96716,0.940749,0.0
-5.80256,0.726012,0.0
-7.92765,0.511273,0.0
-9.76354,0.242408,0.0
-12.0499,0.003057,0.0
-13.9823,-0.241233,0.0
