aoa,cl
24.3863,1.36832
22.2676,1.54537
21.1436,1.60491
20.3083,1.61975
18.2515,1.5931
16.3555,1.55653
14.1383,1.47854
12.1465,1.40887
10.1228,1.31935
8.13151,1.18021
5.91598,1.01793
4.02207,0.855727
1.87203,0.652222
-0.052696,0.428967
-0.084769,0.42566
-2.137,0.189268
-4.12435,-0.0222509
-6.36728,-0.253511
