aoa,cl
16.2187,0.933914
15.1955,0.935523
14.3291,0.989776
13.3682,1.01443
12.1833,1.0325
11.0621,1.05222
10.2616,1.05385
9.30258,1.0242
8.18331,0.991254
6.93764,0.918775
6.07841,0.805124
4.1017,0.599136
1.9645,0.374902
-0.077759,0.153851
-2.0566,-0.0722519
-2.919,-0.164717
-4.16528,-0.29355
-6.94743,-0.571202
