aoa,cl,cd
15.6186,-0.143342,0.0
15.136,-0.048156,0.0
13.9181,-0.04489,0.0
12.9245,-0.042441,0.0
12.027,-0.040809,0.0
10.9372,-0.042447,0.0
9.87947,-0.042449,0.0
7.82799,-0.043681,0.0
5.8405,-0.044503,0.0
3.88486,-0.042465,0.0
1.64065,-0.043288,0.0
-0.187038,-0.039615,0.0
-2.17532,-0.031855,0.0
-3.16909,-0.038805,0.0
-4.09929,-0.032269,0.0
-8.10807,-0.029009,0.0
-9.26259,-0.030238,0.0
-10.3851,-0.03024,0.0
-11.3795,-0.028199,0.0
-12.2137,-0.022478,0.0
-12.6363,0.089126,0.0
