aoa,cl
10.0832,1.64628
9.12565,1.71714
8.32638,1.7403
7.62175,1.72561
7.01351,1.72407
6.43778,1.73897
5.47659,1.71939
5.15694,1.73589
4.06911,1.76568
3.04294,1.73131
2.46487,1.69026
1.9816,1.613
1.14342,1.4683
0.144801,1.3236
-1.94776,1.07855
-4.00786,0.871259
-6.10109,0.660586
-8.09982,0.426741
-10.1957,0.194443
