aoa,cl
14.3326,0.779123
13.2796,0.887894
12.1962,1.24686
11.3331,1.17461
10.2778,1.07439
8.03817,0.880448
7.33379,0.799842
5.2199,0.584275
3.3607,0.361943
1.17962,0.118046
-1.80544,-0.175524
-2.92957,-0.282798
-4.05423,-0.400016
-4.47202,-0.439651
-4.89014,-0.500756
-5.37273,-0.576736
-5.8548,-0.606485
-8.2358,-0.879215
-10.0056,-1.00663
-10.8751,-1.08607
-12.0931,-0.796885
