aoa,cl,cd
8.4601,-0.325323,0.0
7.01758,-0.22483,0.0
5.86065,-0.22316,0.0
4.76763,-0.222315,0.0
3.933,-0.218181,0.0
1.81054,-0.217315,0.0
-0.183291,-0.215628,0.0
-2.08184,-0.216414,0.0
-4.2041,-0.212253,0.0
-6.23048,-0.208917,0.0
-10.1782,-0.177525,0.0
-12.2652,-0.161823,0.0
-14.0252,-0.13253,0.0
