aoa,cl
14.0235,0.772361
13.0585,0.838991
12.1267,0.868235
11.0985,0.892604
10.0389,0.889327
8.94769,0.863276
8.17838,0.809573
6.92786,0.726558
5.90229,0.635397
5.00525,0.539342
1.86385,0.216844
-1.1183,-0.117245
-2.11267,-0.231368
-3.04331,-0.330847
-3.87689,-0.449876
-6.02971,-0.627805
