aoa,cd
12.4866,-0.1286405
11.7792,-0.1079
10.7184,-0.0961185
10.0748,-0.06804275
9.39964,-0.0619485
8.30615,-0.04690325
7.40575,-0.04243975
6.47319,-0.041234
5.28329,-0.0416615
4.02879,-0.0396465
2.3881,-0.0396745
0.167762,-0.03849
-1.69905,-0.038114
-3.92049,-0.0373365
-5.8849,-0.036147
