cl,cd
0.770851,0.0173015
0.569351,0.0115055
0.34257,0.00924219
0.144928,0.00904828
-0.078341,0.00988216
-0.299879,0.0118421
