aoa,cl
12.3509,1.62166
11.1881,1.74729
10.1838,1.91873
9.21235,2.06571
8.30427,2.2291
7.82004,2.26501
7.04835,2.25509
6.1508,2.18628
5.09423,2.08313
4.32727,1.98168
3.1435,1.85895
2.08722,1.76404
0.105767,1.54001
-2.0355,1.3177
-3.853,1.07106
-6.12158,0.863638
-8.12987,0.618855
-10.2,0.354648
-12.0457,0.111784
-14.1752,-0.18956
