aoa,cl
14.212,0.81978
13.3138,0.864047
12.2567,0.965676
11.3016,1.24596
10.3988,1.16571
9.23867,1.08382
8.17466,0.993729
6.11037,0.802046
4.10984,0.600502
3.14109,0.480872
2.10814,0.367792
1.6566,0.331737
1.13988,0.267818
-0.377483,0.100636
-0.409668,0.100636
-0.958353,0.046544
-1.99149,-0.0649222
-2.92811,-0.176392
-3.99352,-0.286233
-5.70595,-0.507552
-7.86917,-0.720723
-8.96413,-0.714241
-9.96257,-0.706113
-11.251,-0.691446
-12.024,-0.678382
