aoa,cd
14.0734,-0.4131375
12.9445,-0.392645
11.88,-0.26123
10.9448,-0.26825
9.84815,-0.2802075
8.81581,-0.2798425
7.78301,-0.2946775
5.814,-0.294765
3.87666,-0.29074
1.90651,-0.282605
0.743409,-0.2797775
-0.193657,-0.2765275
-2.10047,-0.268385
-4.13718,-0.2594225
-6.40136,-0.25458
-8.31029,-0.248485
-10.4458,-0.23458025
-12.3221,-0.21449
