aoa,cl
24.5454,1.0368
22.5394,1.12328
20.4285,1.42515
19.4375,1.53457
18.3841,1.60323
17.3662,1.5707
16.252,1.5447
15.3298,1.49581
14.3425,1.47142
12.1805,1.30992
10.4312,1.17283
8.29944,1.00465
6.42253,0.82985
5.24429,0.738337
4.28891,0.659879
2.40999,0.493108
0.085132,0.26575
-1.9213,0.0513973
-3.96065,-0.161412
-6.09742,-0.366151
-8.23473,-0.579159
-10.0513,-0.808542
-14.2102,-1.07955
-15.4016,-1.02752
-16.1831,-0.83785
-17.9722,-0.458333
-20.1539,-0.566884
