aoa,cl,cd
18.9027,-0.113133,0.0
17.7856,-0.097713,0.0
16.9565,-0.075363,0.0
16.0943,-0.062774,0.0
15.2635,-0.054657,0.0
14.1121,-0.05184,0.0
13.1523,-0.051051,0.0
12.16,-0.051486,0.0
11.1996,-0.052326,0.0
9.3421,-0.052784,0.0
7.83666,-0.047936,0.0
6.106,-0.046353,0.0
3.8615,-0.043151,0.0
1.80791,-0.046466,0.0
-4.03628,-0.028669,0.0
-6.18989,-0.020966,0.0
-7.99105,-0.019375,0.0
-9.98614,-0.01738,0.0
