aoa,cd
11.9733,-0.2764875
10.7555,-0.2822425
9.79305,-0.2958175
8.57521,-0.30116
7.54953,-0.306505
6.7171,-0.3023825
5.62729,-0.3077275
4.53816,-0.3068975
2.42357,-0.30812
1.07787,-0.308935
0.341174,-0.3072825
-1.45305,-0.3072725
-3.56776,-0.30726
-5.36102,-0.298605
-7.41065,-0.2899475
-9.30021,-0.282115
-11.4449,-0.2652225
-13.1713,-0.2355765
-15.1847,-0.1972855
-16.1377,-0.13842875
