aoa,cl,cd
10.3444,1.97917,0.0
9.26001,2.29617,0.0
7.33337,2.19364,0.0
6.11156,2.055,0.0
4.18235,1.85927,0.0
2.28473,1.66512,0.0
0.257894,1.45786,0.0
-1.83423,1.21949,0.0
-3.95905,0.984329,0.0
-5.73042,0.768702,0.0
-7.72778,0.518712,0.0
-9.85445,0.262118,0.0
-12.0785,-0.017427,0.0
-14.0456,-0.336227,0.0
