aoa,cd
9.70115,-0.392805
8.8918,-0.3698925
7.85565,-0.33676
7.2018,-0.2214745
6.19992,-0.21696
5.26304,-0.21653475
3.06658,-0.21445225
1.19351,-0.211559
-1.00205,-0.20702625
-2.80911,-0.2114895
-4.71361,-0.20206075
-6.97299,-0.1865015
-8.74786,-0.17381225
-10.7478,-0.164798
-12.8125,-0.14557625
