aoa,cl,cd
19.1314,-0.123136,0.0
18.7773,-0.113734,0.0
18.1325,-0.123176,0.0
16.2957,-0.110556,0.0
15.4252,-0.109771,0.0
13.9419,-0.106962,0.0
13.0709,-0.109044,0.0
10.9418,-0.100933,0.0
9.81211,-0.100976,0.0
9.06933,-0.10879,0.0
7.97151,-0.110063,0.0
5.80725,-0.117526,0.0
3.99783,-0.118008,0.0
1.92936,-0.11276,0.0
0.021724,-0.108323,0.0
-2.14552,-0.105125,0.0
-3.98987,-0.099042,0.0
-6.15855,-0.089274,0.0
-8.00428,-0.081543,0.0
-10.1102,-0.080388,0.0
