aoa,cl,cd
15.1474,-0.230706,0.0
14.1831,-0.241013,0.0
12.7994,-0.270685,0.0
11.6429,-0.28099,0.0
10.809,-0.277698,0.0
8.72241,-0.28677,0.0
7.69593,-0.28595,0.0
6.7659,-0.283895,0.0
5.67575,-0.280193,0.0
4.45723,-0.27814,0.0
2.53357,-0.27403,0.0
0.578607,-0.265393,0.0
-0.093971,-0.258808,0.0
-3.42606,-0.242356,0.0
-4.8992,-0.230837,0.0
-6.9486,-0.215205,0.0
-8.74056,-0.190517,0.0
-10.9479,-0.155543,0.0
-12.707,-0.125095,0.0
