aoa,cl,cd
22.3342,-0.084165,0.0
20.6061,-0.072361,0.0
18.5255,-0.047902,0.0
17.5967,-0.045876,0.0
16.3478,-0.028744,0.0
15.259,-0.007929,0.0
14.1373,-0.009987,0.0
12.3742,-0.010012,0.0
10.2258,-0.012903,0.0
8.622,-0.013743,0.0
6.21564,-0.009281,0.0
4.25769,-0.008899,0.0
2.26699,-0.008109,0.0
-1.87699,-0.001213,0.0
-3.74113,0.000399,0.0
