aoa,cl,cd
10.1666,1.71303,0.0
7.9172,1.77363,0.0
7.0493,1.80969,0.0
6.08585,1.81783,0.0
3.9047,1.74216,0.0
2.11184,1.56145,0.0
-0.1296,1.35775,0.0
-2.24212,1.14423,0.0
-4.09794,0.940597,0.0
-5.98475,0.70416,0.0
-8.35267,0.469371,0.0
-10.2714,0.244474,0.0
