aoa,cd
20.4047,-0.0661505
18.2155,-0.04684625
16.1221,-0.02588575
14.2157,-0.0337005
12.0504,-0.04028425
10.0786,-0.04522475
7.91292,-0.04523075
6.00546,-0.04276725
4.0963,-0.046476
2.05749,-0.04689375
-0.047183,-0.04937025
-1.95806,-0.049788
-4.03188,-0.051854
-6.10633,-0.052273
-8.18167,-0.0531045
-12.2049,-0.05353075
-14.216,-0.0312725
-15.0922,-0.0222007
-16.3264,-0.01807645
-18.2736,0.02401323
