aoa,cd
24.1901,-0.138552
22.1069,-0.12265625
20.1835,-0.10757025
18.0353,-0.08921125
17.075,-0.028207
16.1773,-0.0126674
14.1879,-0.01559253
12.1338,-0.01852033
9.98268,-0.0239106
7.99165,-0.0268385
6.09637,-0.03181375
4.10416,-0.03761325
1.9826,-0.048749
-0.042408,-0.044711
-2.03615,-0.04805375
-3.00104,-0.04931425
-6.25032,-0.05187725
