aoa,cd
20.1684,-0.02456718
18.1186,-0.02414303
16.1003,-0.01348265
13.9856,0.00372798
12.2234,0.02011555
9.85385,0.02831675
7.96606,0.0213681
5.91806,0.0193331
3.96646,0.0156606
1.7598,0.00462308
-2.20609,-0.00271828
-4.15589,-0.01539085
-6.3619,-0.02069493
-8.08798,-0.02641075
-10.3255,-0.03048575
