aoa,cl,cd
9.33472,1.59357,0.0
8.27015,1.6443,0.0
7.17418,1.74247,0.0
6.20585,1.7605,0.0
5.20487,1.76217,0.0
4.2987,1.66408,0.0
2.25948,1.44822,0.0
0.123093,1.24867,0.0
-2.01421,1.03597,0.0
-4.05566,0.803556,0.0
-6.06481,0.595633,0.0
-8.04288,0.361442,0.0
-10.022,0.109156,0.0
-12.1644,-0.174354,0.0
