aoa,cl
24.2631,1.11662
22.1472,1.15409
20.2544,1.2258
19.035,1.27308
18.1044,1.3008
16.18,1.27797
14.0629,1.24373
12.2026,1.17685
10.021,1.10017
8.09579,1.0251
7.00362,1.02835
5.94462,0.977752
4.02186,0.755805
1.87368,0.541976
-0.049497,0.315074
-2.03738,0.094665
-3.25652,-0.0163871
-3.99389,-0.106193
-6.27203,-0.320168
-8.13139,-0.566761
-10.2829,-0.731843
