aoa,cl
24.4448,0.970998
22.3887,0.980813
20.3987,1.12304
18.2148,1.1676
17.3154,1.17582
16.3525,1.24362
14.2967,1.21701
12.2732,1.17219
10.1215,1.0976
8.16269,0.989938
6.04387,0.877336
4.11802,0.726738
2.0644,0.556339
-0.052694,0.361202
-2.23314,0.152915
-4.02808,-0.0618903
-6.1749,-0.278276
