aoa,cd
14.3633,-0.09971275
13.9803,-0.04375675
13.0847,-0.038036
12.1248,-0.03803275
10.9405,-0.0392545
9.05154,-0.03883975
7.73833,-0.03965275
5.88001,-0.03801175
3.86048,-0.0392315
1.77603,-0.035544
-0.148991,-0.0330825
-4.09793,-0.028156
-6.15401,-0.0244626
-8.17907,-0.02363368
