aoa,cl,cd
22.3536,-0.055736,0.0
20.2351,-0.050367,0.0
18.276,-0.049908,0.0
16.3484,-0.051494,0.0
14.999,-0.052685,0.0
14.2911,-0.057573,0.0
12.0742,-0.059151,0.0
10.2111,-0.058695,0.0
7.96212,-0.059046,0.0
6.03281,-0.065538,0.0
3.81486,-0.06957,0.0
1.82254,-0.070337,0.0
-0.138784,-0.075193,0.0
-2.03478,-0.075554,0.0
-4.18931,-0.081223,0.0
-5.86137,-0.084861,0.0
-8.20916,-0.091344,0.0
-9.88193,-0.097027,0.0
-12.2288,-0.099012,0.0
-14.0935,-0.100601,0.0
-16.1169,-0.094416,0.0
