aoa,cd
16.7989,-0.13558925
15.8031,-0.13969375
15.1382,-0.0705575
14.0477,-0.06033725
13.1183,-0.04520275
11.9624,-0.04070925
11.0309,-0.0386695
10.0665,-0.04113275
9.00632,-0.038275
7.97775,-0.0382825
6.01648,-0.03952525
4.08721,-0.03790125
2.06116,-0.03422975
-0.061826,-0.028919
-4.08495,-0.02402848
-6.08159,-0.02486075
-7.98187,-0.0232333
-8.94312,0.02882325
-9.93936,0.0558815
-10.6463,0.07679425
-11.7088,0.08991825
