aoa,cd
12.8754,-0.268365
11.9518,-0.2876725
10.4544,-0.2955475
9.49871,-0.310765
8.57455,-0.3120525
7.68218,-0.3129275
6.37549,-0.321205
4.39891,-0.316825
2.45391,-0.31531
0.476615,-0.3117475
-1.62872,-0.3045025
-3.6387,-0.3001225
-5.58546,-0.2854875
-7.46878,-0.269615
-9.41647,-0.24595575
-11.3645,-0.223111
-13.2809,-0.204771
-15.07,-0.18395925
-16.2848,-0.14301375
