aoa,cl,cd
20.4482,-0.139301,0.0
18.3638,-0.0795,0.0
16.3405,-0.069056,0.0
15.1845,-0.04261,0.0
14.3811,-0.036957,0.0
13.3522,-0.03908,0.0
12.1942,-0.046525,0.0
10.457,-0.045846,0.0
8.26834,-0.043569,0.0
6.30391,-0.043317,0.0
4.17741,-0.041442,0.0
2.30774,-0.039545,0.0
0.082371,-0.034402,0.0
-1.62795,-0.040265,0.0
-4.11383,-0.029819,0.0
