aoa,cl,cd
22.4131,-0.058668,0.0
20.2064,-0.049693,0.0
18.5114,-0.043167,0.0
16.2714,-0.042805,0.0
14.3197,-0.039976,0.0
12.1761,-0.037151,0.0
10.1613,-0.028992,0.0
8.11397,-0.024525,0.0
6.22636,-0.021694,0.0
4.01874,-0.018871,0.0
2.16333,-0.014809,0.0
0.019592,-0.012804,0.0
-1.70813,-0.010791,0.0
-4.01194,-0.0092,0.0
-5.99588,-0.008422,0.0
-8.13968,-0.006827,0.0
-10.0916,-0.006049,0.0
-12.2354,-0.004044,0.0
-14.154,0.004527,0.0
-16.2218,0.07953,0.0
