aoa,cl
24.334,1.23206
22.0637,1.45454
20.2705,1.4935
18.1565,1.50324
16.2342,1.47888
14.054,1.37171
12.1308,1.30026
9.91864,1.18498
8.05879,1.0697
6.84045,1.0015
5.9107,0.951173
5.0128,0.891099
3.92223,0.805049
1.80415,0.582615
-0.025614,0.365053
-1.27684,0.249781
-2.17607,0.12314
-3.04304,0.00786571
-4.06963,-0.0846735
-8.27384,-0.544128
-10.5519,-0.769786
-12.253,-0.966227
-14.3373,-1.11881
-15.2322,-1.05059
-16.3207,-1.05218
-18.5833,-0.587751
