aoa,cl,cd
14.3243,2.29189,0.0
13.2735,2.60723,0.0
12.2161,2.61891,0.0
11.3174,2.56849,0.0
10.0327,2.45772,0.0
8.97283,2.3779,0.0
8.23342,2.28984,0.0
6.36881,2.08436,0.0
4.18281,1.88868,0.0
2.28508,1.68799,0.0
1.19132,1.57866,0.0
0.129707,1.48238,0.0
-1.80145,1.26851,0.0
-3.70116,1.03824,0.0
-5.73005,0.803014,0.0
-7.79169,0.564461,0.0
-9.95084,0.283354,0.0
-12.0138,0.015257,0.0
-14.0445,-0.1614,0.0
