aoa,cl,cd
20.4069,-0.073248,0.0
19.2174,-0.072812,0.0
18.1891,-0.06704,0.0
17.1288,-0.061269,0.0
15.9721,-0.056727,0.0
15.1687,-0.0563,0.0
14.012,-0.053812,0.0
13.2735,-0.043942,0.0
12.0205,-0.044738,0.0
11.0574,-0.031991,0.0
9.99754,-0.029096,0.0
9.00205,-0.024971,0.0
8.13503,-0.02208,0.0
6.01583,-0.016292,0.0
4.05722,-0.015844,0.0
2.03502,-0.01047,0.0
-1.97617,0.001916,0.0
-4.0294,0.008108,0.0
-6.01798,0.01676,0.0
-8.00658,0.019257,0.0
