aoa,cl
22.4645,1.23302
20.4298,1.32825
19.6033,1.38246
18.5528,1.40711
17.4696,1.40219
16.3223,1.39398
15.3981,1.39891
14.3458,1.38412
13.1337,1.36111
12.1762,1.32165
10.2922,1.22464
8.18463,1.1424
6.33263,1.11275
5.14964,1.01569
4.19036,0.936718
3.32636,0.824854
2.36653,0.716269
1.15098,0.602726
0.254878,0.489199
-0.832826,0.392091
-2.84931,0.137038
-3.93761,0.0020962
-4.73772,-0.0818526
-5.82611,-0.215163
-7.01046,-0.343565
-8.09876,-0.447306
-10.0517,-0.671203
-12.0367,-0.831042
