aoa,cl,cd
14.3833,0.958131,0.0
13.2302,0.994502,0.0
12.3022,1.03413,0.0
11.3716,1.04579,0.0
10.3111,1.04267,0.0
9.15274,1.02476,0.0
8.31324,0.980462,0.0
7.43913,0.909841,0.0
6.11271,0.814595,0.0
4.16368,0.592686,0.01087751
3.15795,0.49406,0.01001932
2.08567,0.372382,0.00951199
0.853188,0.25894,0.00922523
-3.04948,-0.200057,0.00963718
-4.12111,-0.305363,0.01075329
-6.03907,-0.511096,0.0
