cl,cd
0.616229,0.0170412
0.417702,0.00996527
0.198656,0.00932137
0.006986,0.00895692
-0.200739,0.00941292
-0.40193,0.0110509
-0.612128,0.0198772
