cl,cm
0.62442,0.00899865
0.433265,0.00241434
0.211484,0.00030967
0.008872,0.00025174
-0.208334,0.00264145
-0.416033,0.00135654
-0.643187,0.0021098
