aoa,cl
10.3907,1.77178
9.20482,1.95518
8.1792,2.1419
7.24864,2.17303
6.25278,2.06493
5.32102,1.96991
4.29261,1.85357
2.23529,1.64377
0.2412,1.40274
-1.7857,1.18292
-3.94217,0.951526
-5.97085,0.718405
-8.06484,0.472056
-10.1277,0.191149
-12.1269,-0.0668823
-13.2558,-0.218124
