aoa,cd
14.8134,-0.11072425
13.5982,-0.109087
12.7031,-0.103745
10.8816,-0.08524175
9.89265,-0.060971
8.99963,-0.0362855
8.07449,-0.01159708
5.83407,-0.00253818
4.10398,-0.00417938
1.89316,-0.00170293
-2.08172,0.0048985
-3.97411,0.00696488
-5.03289,0.0077928
-6.15618,0.0077972
-7.11826,0.01398095
-8.27016,0.040356
-9.42071,0.07703625
-10.4783,0.09229325
-12.4985,0.11621975
-14.8436,0.122022
