aoa,cl,cd
21.2405,-0.113761,0.0
19.5838,-0.086697,0.0
18.7551,-0.078093,0.0
17.7344,-0.076068,0.0
17.002,-0.041151,0.0
15.7574,-0.041182,0.0
14.5443,-0.043268,0.0
13.7777,-0.048222,0.0
12.6597,-0.049074,0.0
11.6373,-0.047455,0.0
9.65539,-0.049975,0.0
7.7686,-0.046732,0.0
5.62479,-0.042258,0.0
3.70381,-0.039423,0.0
1.62153,-0.037003,0.0
-0.141138,-0.031689,0.0
-4.27926,-0.026015,0.0
-8.29341,-0.017031,0.0
