aoa,cl
22.297,1.08165
20.4029,1.133
18.3153,1.18108
16.327,1.28366
15.1742,1.37462
14.0797,1.36812
13.2411,1.33848
12.1425,1.26756
10.0746,1.1389
8.13283,0.972215
5.93062,0.764212
4.92639,0.666799
1.97812,0.382771
0.032779,0.177956
-4.01864,-0.208629
-6.09533,-0.438331
-8.10681,-0.649889
-10.2151,-0.856523
-12.2259,-1.04501
-14.3016,-1.23352
-16.1487,-1.36916
-16.9716,-1.08314
-18.3159,-0.881429
-20.2503,-0.833493
