aoa,cd
20.2054,-0.07413475
18.2469,-0.06670325
16.1253,-0.06381575
14.2005,-0.059278
12.1118,-0.06629775
10.1215,-0.07413975
8.00205,-0.07826625
6.07887,-0.0823915
4.02589,-0.08775225
1.9743,-0.08857525
-0.174477,-0.0914595
-2.06167,-0.09104525
-4.17607,-0.09186725
-6.0299,-0.0947495
-10.1898,-0.0959795
-12.2007,-0.078269
-14.1438,-0.04780275
-16.3798,-0.02764075
-18.2566,0.00074478
