aoa,cl,cd
10.9589,2.05159,0.0
10.3889,2.37148,0.0
9.01486,2.42874,0.0
8.31053,2.38639,0.0
7.25368,2.30979,0.0
6.29216,2.20705,0.0
4.2086,1.99827,0.0
2.34861,1.7992,0.0
0.135921,1.605,0.0
-1.94994,1.38294,0.0
-3.94102,1.12814,0.0
-5.86807,0.904295,0.0
-8.08497,0.644418,0.0
-9.88543,0.402441,0.0
-12.1684,0.124392,0.0
-13.8757,-0.207701,0.0
