aoa,cl,cd
12.2136,-0.060773,0.0
11.1606,-0.041159,0.0
10.2934,-0.041164,0.0
9.20073,-0.04199,0.0
8.07584,-0.041997,0.0
6.08262,-0.040783,0.0
4.08799,-0.039978,0.0
2.15681,-0.038353,0.0
-0.065134,-0.0355,0.0
-4.02909,-0.028556,0.0
-5.86831,-0.026925,0.0
-7.02991,-0.024471,0.0
-8.12828,-0.024475,0.0
-8.96781,-0.022838,0.0
-9.75622,0.025547,0.0
-10.6809,0.056713,0.0
