aoa,cl,cd
20.3413,0.820047,0.0
19.5673,1.03019,0.0
18.4748,1.1254,0.0
17.5443,1.14019,0.0
16.3256,1.12708,0.0
15.3954,1.12874,0.0
14.3055,1.09594,0.0
13.1833,1.07299,0.0
12.1897,1.03527,0.0
11.3564,1.00246,0.0
9.11286,0.907333,0.0
8.05557,0.835147,0.0
7.31863,0.78593,0.0
6.22922,0.713742,0.01909555
4.17863,0.564434,0.01407273
2.09631,0.365864,0.01175225
-1.94046,-0.078978,0.01153931
-4.08785,-0.246408,0.01231507
-6.1391,-0.4385,0.01430814
-8.19065,-0.604322,0.01810223
-10.1463,-0.71922,0.0
