aoa,cd
19.421,-0.089322
19.4214,-0.0832015
18.6542,-0.0881125
17.5364,-0.07915575
16.3542,-0.07428
15.2675,-0.07307525
13.3813,-0.07229275
12.5176,-0.078023
10.4387,-0.0788775
9.2872,-0.07685725
7.23939,-0.0781195
5.35103,-0.0797875
3.36645,-0.07737325
1.38148,-0.07332425
-0.604121,-0.0709085
-2.71821,-0.0660425
-4.67262,-0.06117275
-6.6917,-0.05712
-8.58304,-0.05306425
-10.8599,-0.051058
