aoa,cl,cd
13.2148,-0.104976,0.0
11.7444,-0.0947,0.0
10.5313,-0.072078,0.0
9.60522,-0.056034,0.0
8.93654,-0.029291,0.0
7.94747,-0.003779,0.0
5.93049,-6.9e-05,0.0
3.97655,0.001172,0.0
4.00865,0.001583,0.0
1.86151,0.001179,0.0
-2.11391,0.004075,0.0
-4.0065,0.004906,0.0
-6.18882,0.00409,0.0
-7.85344,0.035821,0.0
