aoa,cl,cd
14.0133,0.943913,0.01773037
12.9257,1.08066,0.0
12.1582,1.14255,0.0
11.1041,1.10361,0.0
10.0498,1.03536,0.0
8.1,0.897143,0.01726205
6.14932,0.675733,0.01371138
4.261,0.462283,0.01101028
2.08269,0.216027,0.00993792
0.992721,0.103417,0.00965399
-0.931955,-0.108879,0.00992837
-2.18387,-0.229817,0.01041783
-4.14332,-0.447302,0.01178286
-8.22804,-0.859953,0.0187839
