aoa,cl,cd
24.3049,-0.129159,0.0
22.2499,-0.109201,0.0
20.4233,-0.079724,0.0
19.0399,-0.074701,0.0
18.3007,-0.069703,0.0
16.1754,-0.068794,0.0
14.1141,-0.06996,0.0
12.0522,-0.074024,0.0
10.0568,-0.071465,0.0
8.02893,-0.070561,0.0
6.83714,-0.073414,0.0
6.06474,-0.072971,0.0
5.13211,-0.070038,0.0
4.00617,-0.067925,0.0
1.88285,-0.064948,0.0
-0.047116,-0.061563,0.0
-1.88011,-0.05694,0.0
-3.90662,-0.054795,0.0
-6.0288,-0.049748,0.0
-8.08733,-0.04843,0.0
-10.1767,-0.042143,0.0
