aoa,cl,cd
19.1576,-0.138714,0.0
17.9986,-0.122761,0.0
16.0655,-0.026918,0.0
15.1964,-0.027343,0.0
12.9749,-0.027793,0.0
12.0409,-0.026581,0.0
9.91466,-0.027849,0.0
8.0776,-0.029522,0.0
5.88508,-0.033253,0.0
3.94974,-0.034109,0.0
1.88458,-0.034148,0.0
-0.181174,-0.029263,0.0
-4.1216,-0.027283,0.0
-6.28668,-0.023627,0.0
-8.22633,-0.020787,0.0
-10.4257,-0.020414,0.0
