aoa,cl
7.08346,1.64072
6.04929,1.68174
4.91805,1.76057
4.04594,1.76706
2.04536,1.59588
0.94913,1.44126
0.014711,1.26533
-1.98364,1.022
-3.82036,0.821494
-6.04317,0.604625
-8.0718,0.39934
-10.0994,0.172793
-12.1161,-0.918419
