aoa,cl,cd
14.4869,0.984637,0.0
13.3292,1.00896,0.0
12.4287,1.04314,0.0
11.1737,1.05111,0.0
10.3368,1.05097,0.0
9.4029,1.01156,0.0
8.37191,0.932857,0.01829274
7.24401,0.844307,0.01565406
4.27771,0.550811,0.01094806
2.3744,0.329438,0.00943749
0.212344,0.107917,0.00931308
-1.72457,-0.095617,0.00958091
-5.92355,-0.521028,0.0
-7.99192,-0.705189,0.0
