cl,cd
0.759579,0.0262353
0.699661,0.0197923
0.567338,0.0142081
0.3799,0.0116402
0.169636,0.0111288
-0.023216,0.012398
-0.232242,0.0147445
-0.411187,0.0216611
