aoa,cl,cd
16.9287,-0.12182,0.0
15.7684,-0.102852,0.0
15.1623,-0.05205,0.0
14.2614,-0.026456,0.0
13.5828,-0.024822,0.0
11.902,-0.023629,0.0
10.0593,-0.022028,0.0
6.08129,-0.022966,0.0
3.68802,-0.019312,0.0
1.8435,-0.021431,0.0
0.420064,-0.01899,0.0
-6.53995,-0.022079,0.0
-8.19142,-0.022125,0.0
-10.0045,-0.017625,0.0
-10.9106,-0.011859,0.0
-11.6783,0.061764,0.0
-12.7774,0.080771,0.0
