aoa,cl,cd
16.5545,-0.06827,0.0
15.8793,-0.045311,0.0
15.2361,-0.03137,0.0
14.3035,-0.007999,0.0
13.2738,-0.009633,0.0
12.3408,-0.007578,0.0
11.2468,-0.009621,0.0
10.2172,-0.009205,0.0
8.06143,-0.009193,0.0
6.22746,-0.005492,0.0
3.94293,-0.004659,0.0
2.01235,-0.002188,0.0
-1.88105,0.003574,0.0
-4.06911,0.007276,0.0
-5.96764,0.008517,0.0
-8.02713,0.008529,0.0
