aoa,cl,cd
24.3882,-0.080635,0.0
22.1847,-0.072491,0.0
20.2993,-0.0676,0.0
18.1564,-0.065555,0.0
16.2043,-0.065138,0.0
14.0587,-0.066756,0.0
12.3938,-0.062675,0.0
9.9905,-0.06144,0.0
8.22698,-0.061837,0.0
5.95014,-0.058157,0.0
4.05716,-0.055292,0.0
2.03524,-0.050386,0.0
0.044546,-0.04507,0.0
-1.9156,-0.043832,0.0
-3.94016,-0.037695,0.0
-5.96709,-0.040536,0.0
-7.99295,-0.030313,0.0
-10.1497,-0.027027,0.0
-12.1464,-0.024149,0.0
-14.305,-0.019633,0.0
-16.2014,0.023298,0.0
-18.1675,0.03641,0.0
