aoa,cl
14.0573,2.17481
13.0934,2.28318
12.2722,2.82346
11.0452,2.76594
10.0754,2.68381
9.0404,2.57376
8.13548,2.49821
5.96982,2.29787
4.03014,2.09756
1.86496,1.88744
0.927649,1.78732
0.022777,1.69213
-2.20682,1.45583
-4.20983,1.24418
-6.14867,1.01125
-8.12045,0.738993
-10.2214,0.438915
-12.3855,0.16678
-14.4202,-0.0987455
-16.3907,-0.387172
