aoa,cl
22.3123,0.894383
20.3199,1.0299
19.3565,1.12621
18.3276,1.18338
17.2003,1.15735
16.2336,1.11825
15.4276,1.0612
14.0741,0.997652
11.9477,0.90806
9.91633,0.732022
7.95047,0.601668
5.88877,0.500686
4.40758,0.461638
3.02111,0.303563
1.86132,0.225377
1.86058,0.176471
0.861484,0.0770931
-0.073396,-0.0385779
-1.16911,-0.157487
-2.29669,-0.261716
-3.29567,-0.382237
-4.13351,-0.48809
-4.64867,-0.520645
-5.09926,-0.535282
-8.15707,-0.670321
