aoa,cd
23.3169,-0.07594825
22.0655,-0.08702725
21.2297,-0.075097
20.4261,-0.06399025
19.3336,-0.052059
18.3383,-0.0495805
17.2147,-0.0491545
15.8983,-0.04461775
14.9675,-0.0446055
13.0417,-0.042526
12.143,-0.040871
11.1482,-0.03962575
9.80045,-0.039608
7.93946,-0.039173
6.94489,-0.03957075
5.75811,-0.044895
3.96141,-0.0387105
1.87628,-0.03293375
-0.016165,-0.02674975
-3.99268,-0.01643418
-5.94852,-0.01025143
-8.03226,-0.00940475
