aoa,cl,cd
22.3844,-0.133036,0.0
20.2,-0.072335,0.0
18.3043,-0.068682,0.0
16.248,-0.068699,0.0
14.0952,-0.066271,0.0
12.0388,-0.065473,0.0
10.1431,-0.065488,0.0
7.89413,-0.069582,0.0
5.90206,-0.069191,0.0
3.87779,-0.067169,0.0
1.78915,-0.063518,0.0
-0.171062,-0.05905,0.0
-2.1314,-0.053359,0.0
-4.38046,-0.054601,0.0
-6.24426,-0.051762,0.0
-8.3651,-0.049334,0.0
-10.2291,-0.044865,0.0
-12.2858,-0.041621,0.0
-14.249,-0.011875,0.0
-16.3444,0.047239,0.0
