aoa,cl
24.5218,1.05848
22.2717,0.925156
20.3125,0.889473
18.322,0.907506
16.5682,1.6045
15.3165,1.66811
14.1918,1.63888
12.4553,1.52663
10.1718,1.34928
8.14534,1.16704
5.92593,0.957148
4.09197,0.730972
2.87009,0.631748
1.93741,0.537393
0.103958,0.321027
-1.05384,0.190896
-2.01862,0.0819171
-4.01295,-0.204355
-6.32712,-0.378324
-7.96699,-0.589723
-9.99231,-0.83036
-12.1454,-1.00266
-14.0372,-0.513006
-16.029,-0.5178
-18.3101,-0.553493
