aoa,cl
14.1362,0.769394
12.972,0.797325
12.1958,0.838421
10.9996,0.856474
9.93301,0.85315
8.86676,0.830095
8.15631,0.777459
7.02593,0.731395
6.02537,0.634383
4.96039,0.539032
4.08958,0.415761
3.12188,0.315519
1.96076,0.208725
1.6385,0.152868
1.12272,0.0871615
-0.489597,-0.0261427
-0.876123,-0.091832
-1.48831,-0.169003
-2.03619,-0.218249
-3.03497,-0.323299
-4.13013,-0.443101
-4.99974,-0.530059
-6.03002,-0.651463
-6.89949,-0.721975
