aoa,cl,cd
14.3052,-0.131162,0.0
13.7307,-0.020596,0.0
12.6002,-0.018551,0.0
11.5667,-0.014049,0.0
8.62677,-0.010369,0.0
6.62328,-0.011191,0.0
4.68464,-0.006689,0.0
2.61648,-0.003007,0.0
0.612673,-0.000552,0.0
-1.48812,0.00395,0.0
-3.71867,0.005996,0.0
-5.59365,0.00927,0.0
-9.60282,0.01582,0.0
