aoa,cd
12.9225,-0.3206525
11.0509,-0.3013125
10.2161,-0.26458
9.73776,-0.2216315
8.4766,-0.22333
7.53891,-0.223364
5.46902,-0.22509225
4.27193,-0.2280285
3.30151,-0.228477
0.714219,-0.223612
-2.52094,-0.21918225
-4.52718,-0.216361
-6.95378,-0.2073525
-8.53947,-0.20162025
-10.7714,-0.18350375
-12.5514,-0.173226
