aoa,cl,cd
13.6088,-0.107902,0.0
12.8016,-0.091415,0.0
11.7398,-0.074472,0.0
10.8344,-0.034233,0.0
8.98491,-0.034732,0.0
7.83523,-0.03617,0.0
5.89103,-0.035015,0.0
3.87768,-0.037533,0.0
1.9319,-0.036379,0.0
-0.144401,-0.036839,0.0
-2.0883,-0.032817,0.0
-4.19382,-0.029585,0.0
-6.29781,-0.024303,0.0
-8.25322,-0.001007,0.0
-10.1188,0.044842,0.0
-11.7543,0.069752,0.0
