aoa,cl,cd
20.3298,-0.069778,0.0
18.2374,-0.065972,0.0
16.1434,-0.067965,0.0
14.1781,-0.071205,0.0
12.2457,-0.072789,0.0
9.99242,-0.071462,0.0
7.86719,-0.073453,0.0
6.03222,-0.074213,0.0
5.09948,-0.071693,0.0
4.03749,-0.071239,0.0
1.94721,-0.06495,0.0
-0.047219,-0.061977,0.0
-1.91249,-0.057767,0.0
-4.00324,-0.055205,0.0
-6.06107,-0.050161,0.0
-8.08751,-0.049258,0.0
-10.0805,-0.043388,0.0
-12.1059,-0.039174,0.0
-12.9561,0.048232,0.0
-13.9858,0.04661,0.0
-16.1066,0.057453,0.0
