aoa,cl,cd
14.2786,-0.039839,0.0
13.7958,-0.013226,0.0
12.8268,-0.01159,0.0
11.5023,-0.010774,0.0
10.5976,-0.011594,0.0
8.59446,-0.010369,0.0
6.39742,-0.006687,0.0
4.52308,-0.00628,0.0
2.68109,-0.003416,0.0
0.741899,-0.001371,0.0
-3.26576,0.008863,0.0
-5.49669,0.008861,0.0
