aoa,cd
10.5504,-0.38438
9.91474,-0.26698
8.98669,-0.2657525
7.96273,-0.263705
7.03384,-0.2645325
5.88103,-0.2641275
4.82442,-0.2629025
3.86555,-0.255925
2.96901,-0.2542875
0.823006,-0.2514225
-1.06772,-0.25061
-3.27897,-0.24815525
-5.13519,-0.23624725
-7.05401,-0.21776075
-7.98183,-0.20954325
-11.0235,-0.18776325
-12.9135,-0.17543125
