aoa,cl
16.0332,0.795777
14.1098,0.828678
12.9878,0.841858
12.2183,0.874704
10.968,0.855086
10.0382,0.843652
9.04426,0.815816
8.01817,0.758449
6.12607,0.633846
4.00904,0.430459
1.08921,0.121994
-2.05634,-0.189861
-4.14334,-0.401661
-6.19872,-0.605301
-7.09797,-0.659501
