aoa,cl
17.1523,0.845893
16.5462,0.901662
15.1725,0.950928
14.0856,0.964115
12.9669,0.993699
11.9753,0.992128
10.8877,0.997122
8.9985,0.946419
7.84459,0.882536
7.10633,0.808778
6.04809,0.743228
3.92925,0.549753
2.19295,0.320092
0.007736,0.0985687
-2.2419,-0.10662
-6.32661,-0.510654
