aoa,cl
20.2544,1.05807
18.1714,1.09874
16.1515,1.17849
15.5743,1.25011
14.9649,1.28104
13.8742,1.26967
12.2051,1.21924
10.0208,1.08082
7.93095,0.92109
1.58514,0.361078
-2.41878,-0.0365095
-4.10031,-0.221607
-6.42906,-0.39552
-8.21145,-0.618614
-10.4801,-0.817443
-12.1997,-0.983505
-14.5358,-1.13839
-16.5415,-1.01425
-18.6505,-1.0641
-20.6226,-0.857795
-22.6992,-0.846844
