aoa,cl,cd
16.9606,-0.087328,0.0
16.0015,-0.092244,0.0
14.9471,-0.083693,0.0
14.148,-0.081667,0.0
12.8698,-0.070669,0.0
12.1023,-0.071091,0.0
10.983,-0.070294,0.0
10.2154,-0.0699,0.0
8.07192,-0.069938,0.0
5.76741,-0.075696,0.0
2.02212,-0.070862,0.0
0.260993,-0.067216,0.0
-4.224,-0.061982,0.0
-8.32632,-0.050608,0.0
