aoa,cd
20.3153,-0.07787275
18.2892,-0.07833775
16.102,-0.046634
15.8446,-0.0340145
14.0427,-0.01369363
12.1439,-0.01007565
10.0839,-0.01094333
8.05575,-0.01547788
6.1236,-0.00696935
3.86922,-0.00784193
1.93659,-0.01033693
-0.028573,-0.0124255
-3.9921,-0.01660453
-6.1839,-0.0187
-8.18284,-0.01752853
-10.1822,-0.015949
