aoa,cl
8.32816,1.69821
7.14475,1.79149
6.31264,1.80801
5.16,1.80339
3.30094,1.65529
2.30653,1.54448
0.156439,1.33094
-1.77055,1.12212
-3.85926,0.918078
-6.01382,0.704091
-8.10588,0.475213
-9.91023,0.233052
-11.9819,-0.50579
