aoa,cl,cd
11.08,2.33944,0.0
10.5615,2.73379,0.0
10.0141,2.71104,0.0
9.24189,2.61661,0.0
8.30843,2.53034,0.0
7.05281,2.43269,0.0
6.24815,2.33173,0.0
4.21968,2.1298,0.0
2.35208,1.91152,0.0
1.19251,1.80075,0.0
0.097299,1.68834,0.0
-2.02902,1.46509,0.0
-4.15561,1.21571,0.0
-6.12148,0.97931,0.0
-8.05541,0.733078,0.0
-10.0539,0.437857,0.0
-12.1496,0.119732,0.0
-14.1167,-0.180514,0.0
