aoa,cl,cd
10.3668,1.92012,0.0
9.37383,2.03112,0.0
8.95955,2.10944,0.0
8.29953,2.3704,0.0
7.52172,2.3298,0.0
6.47958,2.20446,0.0
5.43942,2.11008,0.0
4.36601,2.00428,0.0
2.60695,1.79908,0.0
0.42405,1.54822,0.0
-1.62984,1.30216,0.0
-3.84676,1.04626,0.0
-5.90289,0.785363,0.0
-7.79841,0.514595,0.0
-9.88904,0.238864,0.0
-11.9173,-0.064693,0.0
-11.9826,-0.071222,0.0
-12.8343,-0.213236,0.0
