aoa,cd
15.1606,-0.1417485
14.1347,-0.129489
13.0778,-0.107407
12.0586,-0.0419365
11.0311,-0.03703225
10.0989,-0.039495
9.00632,-0.038275
7.97765,-0.03910125
6.01663,-0.03829675
3.99082,-0.03708275
2.06111,-0.03463925
0.002769,-0.02687025
-3.98853,-0.025667
-6.11367,-0.02363145
-8.07377,0.02308635
