cl,cm
0.715139,-0.031264
0.498376,-0.029686
0.292698,-0.0293375
0.08526,-0.03063525
-0.154482,-0.026592
