aoa,cl,cd
12.8463,-0.261835,0.0
11.6635,-0.261423,0.0
10.5443,-0.266758,0.0
9.58449,-0.284418,0.0
8.52825,-0.31276,0.0
7.37706,-0.315633,0.0
6.60972,-0.313988,0.0
4.62729,-0.310285,0.0
2.48492,-0.304118,0.0
0.4063,-0.299183,0.0
-1.48025,-0.287263,0.0
-3.30317,-0.280273,0.0
-5.47794,-0.269995,0.0
-7.42815,-0.24287,0.0
-9.21819,-0.209581,0.0
-10.9125,-0.179167,0.0
-13.1189,-0.152036,0.0
-14.877,-0.115045,0.0
