aoa,cl
7.35427,1.64829
6.33074,1.66643
5.21275,1.74196
4.22136,1.77159
2.36243,1.69965
1.7812,1.53737
0.62366,1.38332
0.333758,1.32922
-1.75536,1.10464
-3.84463,0.899678
-5.77405,0.704479
-7.92914,0.492805
-10.0559,0.192366
-10.5321,-0.606029
-11.1151,-0.765446
-12.2753,-0.906832
