aoa,cd
17.4206,-0.10516575
16.6795,-0.0797605
14.6175,-0.04779075
13.4255,-0.04655175
12.2337,-0.03998875
10.3978,-0.04365925
8.69111,-0.042826
5.21413,-0.0432065
4.11975,-0.04074075
3.21859,-0.04073325
0.38685,-0.0366165
-1.70429,-0.03373475
-5.72458,-0.02715525
-7.87879,-0.0263205
-9.8719,-0.02262313
-11.9612,-0.01115268
-13.6649,0.0285405
-14.4684,0.039999
-15.3682,0.0485935
-16.4608,0.06741475
