aoa,cl
14.2242,1.15241
13.3707,1.3287
12.4405,1.30924
11.1588,1.30941
10.1306,1.27037
9.29289,1.20844
8.45403,1.13181
7.06857,1.04213
6.29261,0.955632
4.35277,0.754804
3.06077,0.650261
2.249,0.526045
0.144503,0.310196
-1.05391,0.190754
-6.14865,-0.371088
-8.28911,-0.549924
