aoa,cl,cd
20.2576,-0.064974,0.0
18.2786,-0.066729,0.0
16.1714,-0.066019,0.0
14.0316,-0.064486,0.0
12.2103,-0.064997,0.0
10.1641,-0.071706,0.0
8.21364,-0.07305,0.0
6.03821,-0.077707,0.0
4.1181,-0.080701,0.0
1.97315,-0.084534,0.0
0.052187,-0.082165,0.0
-2.19061,-0.087656,0.0
-4.08111,-0.086936,0.0
-6.16533,-0.092835,0.0
-8.02527,-0.093766,0.0
-10.3349,-0.093896,0.0
-12.0672,-0.089035,0.0
-14.4112,-0.09454,0.0
-16.1719,-0.051236,0.0
-18.2552,-0.014966,0.0
