aoa,cd
13.791,-0.10209325
13.0875,-0.1000405
12.1281,-0.09716625
11.009,-0.09017825
9.82809,-0.0650855
6.98724,-0.00089566
7.01916,-0.00171875
4.20088,0.00158272
1.89345,0.00035547
-1.0878,0.00283593
-2.14599,0.0040751
-3.94233,0.00490533
-5.99702,-0.00126661
-6.92577,0.01315613
-8.01251,0.04571025
-8.80991,0.08156225
-9.89911,0.0992915
