aoa,cl,cd
20.1373,-0.056496,0.0
18.2104,-0.055629,0.0
16.1208,-0.062525,0.0
14.1294,-0.062065,0.0
12.2022,-0.061198,0.0
10.2748,-0.06074,0.0
8.12081,-0.066818,0.0
5.90327,-0.069623,0.0
3.84678,-0.070388,0.0
2.04663,-0.073613,0.0
-0.235078,-0.074782,0.0
-1.97103,-0.0776,0.0
-4.28561,-0.080812,0.0
-8.30547,-0.090933,0.0
-9.97717,-0.092526,0.0
