aoa,cl,cd
24.1029,-0.079222,0.0
22.2753,-0.059209,0.0
20.255,-0.057154,0.0
18.267,-0.053058,0.0
16.0546,-0.05345,0.0
12.0471,-0.059134,0.0
10.2521,-0.070955,0.0
9.06612,-0.072578,0.0
8.10449,-0.070939,0.0
7.07887,-0.073379,0.0
6.08531,-0.074188,0.0
3.96989,-0.06846,0.0
2.17496,-0.060286,0.0
-0.068351,-0.05823,0.0
-1.95917,-0.052912,0.0
-6.22119,-0.042274,0.0
