aoa,cd
24.4838,-0.08185525
22.0892,-0.07086375
20.2354,-0.06719325
18.2203,-0.06596225
16.2682,-0.0655455
14.0269,-0.06594125
12.3608,-0.067969
10.0224,-0.0622545
8.25927,-0.060615
5.69316,-0.05978525
4.05716,-0.0552915
1.81036,-0.050792
-0.051912,-0.045477
-2.14068,-0.04423775
-3.87597,-0.038512
-6.06343,-0.0393105
