aoa,cl,cd
12.3241,1.69215,0.0
11.5237,1.75598,0.0
10.4655,1.87054,0.0
8.28261,2.13088,0.0
6.36318,2.17378,0.0
4.28951,2.06456,0.0
2.34639,1.87671,0.0
1.16695,1.77215,0.0
0.019233,1.66755,0.0
-3.90131,1.24888,0.0
-8.0469,0.77747,0.0
-9.99204,0.531803,0.0
-11.8409,0.272956,0.0
-14.0778,-0.550906,0.0
