aoa,cl
14.1886,2.26917
13.1736,2.4725
12.5718,2.61023
12.2861,2.66435
11.1955,2.64819
10.4873,2.59099
9.07256,2.51425
8.33066,2.43244
7.2355,2.34576
6.13946,2.24759
4.17123,2.05113
2.363,1.86112
1.13658,1.75135
0.102935,1.6481
-1.86815,1.45135
-3.8103,1.21346
-5.91343,0.990244
-7.92378,0.719262
-9.99827,0.471148
-12.0754,0.196599
-13.8298,-0.0534119
