aoa,cl,cd
19.9571,0.662925,0.0
17.963,0.723386,0.0
17.1334,1.04641,0.0
16.0709,1.03995,0.0
15.0724,1.01064,0.0
13.9769,0.966663,0.0
11.786,0.870551,0.0
9.756,0.764651,0.0
7.91861,0.619609,0.0
5.79124,0.44362,0.01789816
3.98648,0.295356,0.01397674
1.82776,0.134089,0.01211027
-2.19896,-0.170466,0.01517233
-4.16337,-0.29909,0.01796297
-6.32094,-0.457015,0.0
-8.22076,-0.606789,0.0
-10.1203,-0.754913,0.0
