aoa,cl
9.309,2.21352
8.24509,2.45143
6.46959,2.37235
4.27321,2.17762
2.39903,1.97617
0.039111,1.75813
-1.86897,1.5466
-4.06908,1.32837
-6.04317,1.06873
-8.08291,0.835456
-9.8641,0.612052
-12.0994,0.328979
-14.0105,-0.00204948
-16.2747,-0.708347
