aoa,cl
22.2986,1.49451
20.241,1.47324
18.4443,1.53378
17.2886,1.55178
16.1666,1.60576
15.1391,1.61231
14.2071,1.60085
12.2125,1.52398
10.2796,1.38661
8.24748,1.1822
6.15126,0.974541
5.15255,0.896067
4.0564,0.791436
2.088,0.562558
0.087918,0.338608
-2.07261,0.109784
-2.88058,-0.0144482
-3.94437,-0.122306
-6.13663,-0.352716
-8.16814,-0.579845
-10.0704,-0.790612
-12.1323,-0.991532
