aoa,cl
24.2375,1.20549
22.4048,1.16322
20.4161,1.1994
18.5227,1.2176
16.3076,1.22931
15.2173,1.25395
14.4834,1.33085
12.2654,1.29679
11.104,1.21358
8.20405,1.06355
6.17092,0.911765
3.84639,0.727304
2.00319,0.537864
-0.097863,0.338622
-1.9419,0.142599
-4.17206,-0.0583111
-5.98524,-0.267465
-8.02157,-0.445543
-10.0592,-0.639997
-12.2577,-0.832822
-13.9636,-0.867015
-16.1163,-0.848813
