aoa,cl,cd
10.2556,1.80159,0.0
9.13778,1.83796,0.0
8.17994,1.91046,0.0
7.09448,2.01917,0.0
6.0078,2.05722,0.0
4.47086,1.95395,0.0
2.09893,1.73397,0.0
1.20059,1.6288,0.0
0.077718,1.52692,0.0
-1.94557,1.2835,0.0
-3.93772,1.07284,0.0
-6.02793,0.845546,0.0
-8.18428,0.601593,0.0
-10.085,0.364052,0.0
-12.0199,0.094979,0.0
-14.086,-0.2222,0.0
