aoa,cd
24.5741,-0.088201
22.4939,-0.09599875
20.5741,-0.071545
16.5081,-0.02669925
15.259,-0.00711248
14.1373,-0.00917045
12.246,-0.01001395
10.1938,-0.00881683
8.52585,-0.0096574
6.18355,-0.0092814
4.22561,-0.00767338
2.23489,-0.00688305
-1.87696,0.0008323
-3.83756,0.00121573
-5.83094,0.0032356
-7.92151,0.00239012
-9.98061,0.00400073
-12.0083,-0.00175679
-14.1332,-0.00219453
-15.0027,0.0022983
-16.0976,0.02603725
-18.1272,0.0481345
-20.1899,0.06491325
-22.221,0.07923975
-24.1883,0.0911125
