aoa,cl,cd
10.2688,1.4676,0.0
9.91477,1.5314,0.0
9.18415,2.19527,0.0
8.21386,2.09233,0.0
7.04978,1.99266,0.0
6.14384,1.89296,0.0
4.13759,1.68208,0.0
2.16355,1.49403,0.0
1.15984,1.38445,0.0
-0.005557,1.27486,0.0
-2.01346,1.06871,0.0
-4.05429,0.860856,0.0
-6.03122,0.646397,0.0
-8.1387,0.407306,0.0
-10.0209,0.151755,0.0
-12.13,-0.098964,0.0
