aoa,cl,cd
14.4315,2.14088,0.0
12.3234,2.38687,0.0
11.2684,2.42952,0.0
10.3731,2.46069,0.0
9.44518,2.42461,0.0
8.22907,2.36884,0.0
7.23659,2.29009,0.0
6.27585,2.19165,0.0
4.1301,2.00622,0.0
2.30397,1.81583,0.0
1.11847,1.70256,0.0
0.029051,1.61061,0.0
-1.76602,1.39552,0.0
-3.91398,1.16068,0.0
-5.806,0.934003,0.0
-8.0193,0.649795,0.0
-9.91224,0.404964,0.0
-12.158,0.20273,0.0
-14.2122,-0.043863,0.0
-14.116,-0.047133,0.0
-16.2028,-0.32827,0.0
