aoa,cl,cd
13.4864,-0.25098,0.0
12.4481,-0.2738,0.0
11.412,-0.288073,0.0
10.2506,-0.288513,0.0
9.21721,-0.291795,0.0
8.31397,-0.2906,0.0
7.24952,-0.288185,0.0
6.18621,-0.280883,0.0
5.18548,-0.280095,0.0
4.2181,-0.274825,0.0
3.37843,-0.274438,0.0
1.11905,-0.266348,0.0
-0.557712,-0.252125,0.0
-2.62656,-0.250953,0.0
-4.53322,-0.245289,0.0
-6.79343,-0.228216,0.0
-8.66481,-0.206233,0.0
-10.5672,-0.176493,0.0
-12.3068,-0.141028,0.0
