aoa,cl,cd
18.1968,-0.170878,0.0
16.3088,-0.092806,0.0
14.1596,-0.072045,0.0
12.1694,-0.072022,0.0
9.98617,-0.075656,0.0
8.2524,-0.077669,0.0
5.97277,-0.079269,0.0
4.0464,-0.076807,0.0
1.86294,-0.075968,0.0
-0.063478,-0.069032,0.0
-0.095591,-0.069031,0.0
-2.18295,-0.066973,0.0
-3.88494,-0.062479,0.0
-6.10096,-0.058385,0.0
-8.1566,-0.05592,0.0
