aoa,cd
19.4422,-0.1105525
18.1569,-0.111354
17.2893,-0.06232875
16.0681,-0.02840975
15.2005,-0.0185956
14.14,-0.00877913
13.2724,-0.00754368
10.3804,-0.00873623
7.97048,-0.01238525
5.91408,-0.01358723
4.14682,-0.00866512
1.96207,-0.01435898
-0.029918,-0.01474468
-2.08608,-0.0167635
-4.23869,-0.0134711
-6.32686,-0.01548953
-7.99743,-0.01424503
-10.3105,-0.01258475
