aoa,cl,cd
24.4878,-0.125613,0.0
22.306,-0.10414,0.0
21.1828,-0.100014,0.0
20.2845,-0.091756,0.0
18.1985,-0.085981,0.0
16.1769,-0.082272,0.0
14.0589,-0.087236,0.0
12.1337,-0.095504,0.0
10.0807,-0.092621,0.0
8.02774,-0.097997,0.0
7.25782,-0.109148,0.0
5.75051,-0.113695,0.0
4.0831,-0.112049,0.0
1.93497,-0.105864,0.0
-0.020614,-0.100504,0.0
-2.26448,-0.097623,0.0
-4.12355,-0.08731,0.0
-6.14269,-0.080714,0.0
