aoa,cl,cd
8.30619,1.62166,0.0
7.31022,1.68722,0.0
5.02771,1.75132,0.0
4.28782,1.73504,0.0
3.22523,1.60261,0.0
2.51644,1.47339,0.0
1.13195,1.35895,0.0
0.197789,1.24282,0.0
-1.76722,1.04326,0.0
-3.92598,0.842021,0.0
-5.89226,0.614517,0.0
-7.89125,0.390231,0.0
-9.72972,0.146234,0.0
-11.9555,-0.094554,0.0
