aoa,cl,cd
20.7089,-0.018783,0.0
18.445,-0.01568,0.0
16.5307,-0.008094,0.0
15.3498,0.002378,0.0
14.2637,0.003533,0.0
12.4741,0.010734,0.0
10.267,0.007364,0.0
6.29637,-0.001387,0.0
4.24506,0.002151,0.0
2.12801,-0.002441,0.0
0.234217,-0.00377,0.0
-2.07854,-0.00431,0.0
-3.78202,-0.012139,0.0
-5.93691,-0.01715,0.0
-7.73911,-0.023771,0.0
-10.0579,-0.028393,0.0
-11.8625,-0.035429,0.0
-14.0879,-0.035977,0.0
-16.2186,-0.031222,0.0
-18.1583,-0.010954,0.0
-20.1304,-0.008623,0.0
