aoa,cl,cd
14.3155,2.22004,0.0
13.4513,2.35709,0.0
12.3641,2.76806,0.0
11.1469,2.80125,0.0
10.3134,2.72714,0.0
8.16504,2.56574,0.0
6.27198,2.3646,0.0
4.18556,2.1634,0.0
2.29077,1.96868,0.0
1.26282,1.8746,0.0
0.202365,1.76068,0.0
-1.79071,1.54926,0.0
-3.81706,1.3179,0.0
-5.84457,1.06824,0.0
-7.93774,0.788666,0.0
-9.93543,0.513915,0.0
-12.0308,0.232396,0.0
-14.0628,-0.042642,0.0
-16.1281,-0.326109,0.0
