aoa,cl
24.5425,1.01519
22.25,0.994018
20.3808,1.05518
18.4806,1.1576
16.354,1.27824
14.3556,1.40555
12.215,1.28869
8.09102,0.970763
6.04403,0.787865
4.06195,0.609905
0.030665,0.188046
-4.35702,-0.243666
-6.14473,-0.426558
-8.25716,-0.632517
-10.2081,-0.868094
