aoa,cl
24.1988,0.821314
22.244,0.806466
20.2246,0.811259
18.268,0.698144
17.7549,0.69811
17.0874,1.43824
16.1572,1.40712
14.0392,1.28916
12.177,1.1417
10.1217,0.994172
8.03342,0.84168
5.9122,0.67602
4.11174,0.531638
3.0827,0.452862
2.02148,0.385548
-0.006057,0.16889
-2.06654,-0.0511319
-6.09253,-0.435607
