aoa,cl,cd
19.2903,-0.097562,0.0
18.3926,-0.080073,0.0
17.2367,-0.0655,0.0
16.3759,-0.023005,0.0
15.3127,-0.026344,0.0
14.2825,-0.024682,0.0
13.1886,-0.019269,0.0
12.4479,-0.018439,0.0
10.1607,-0.018032,0.0
8.32296,-0.023043,0.0
6.38944,-0.021385,0.0
4.13274,-0.021395,0.0
2.29455,-0.022238,0.0
0.069036,-0.022249,0.0
-4.06136,-0.024354,0.0
-5.83659,-0.024363,0.0
-8.06371,-0.021452,0.0
-9.93616,-0.01854,0.0
