aoa,cl
24.1949,1.3676
22.1734,1.4964
20.3134,1.51437
18.1645,1.51767
16.2409,1.45084
14.0922,1.38236
12.072,1.28124
9.9869,1.19478
8.99258,1.13931
8.15892,1.07568
7.10053,1.00388
6.00968,0.941859
4.98327,0.866782
4.47021,0.821083
4.05381,0.763964
2.00244,0.533825
0.047066,0.310186
-0.881738,0.168176
-1.55619,0.138756
-2.06954,0.0946623
-3.16004,-0.0163783
-4.05758,-0.130672
-6.39944,-0.367499
-8.22765,-0.576563
-10.2809,-0.802001
