aoa,cl
12.1104,2.16205
10.9609,2.26886
10.6783,2.77951
10.1348,2.75657
8.15157,2.58926
6.99983,2.48427
6.1996,2.37596
3.9601,2.20206
2.03922,1.95093
-0.10521,1.74578
-1.99441,1.51101
-4.0438,1.26966
-6.18935,1.03321
-8.11149,0.777009
-10.1949,0.432046
-12.2137,0.157696
-14.041,-0.13313
