aoa,cd
17.3231,-0.12811075
16.4759,-0.1245045
15.2207,-0.1124075
14.2477,-0.09785475
13.4948,-0.08125575
12.5199,-0.06585675
11.4796,-0.053683
10.3776,-0.02931325
9.58644,-0.0244178
7.39348,-0.031266
5.76935,-0.03244575
3.66306,-0.030762
1.5822,-0.0315245
-0.31112,-0.0302495
-4.49959,-0.02644875
-6.86179,-0.02391665
-8.41239,0.00079498
