aoa,cd
24.326,-0.13377125
22.3449,-0.1214985
21.3205,-0.1039215
20.4549,-0.0814445
18.3803,-0.078573
16.3063,-0.07692725
14.2653,-0.081001
12.3199,-0.08344075
10.2784,-0.08179525
8.07804,-0.0825995
6.35622,-0.0834065
4.15605,-0.082577
2.21047,-0.07725725
0.04242,-0.074795
-1.99843,-0.068659
-3.05067,-0.065387
-4.07067,-0.06415675
-6.11102,-0.05802225
