aoa,cl
20.434,1.44801
18.2582,1.57836
17.2611,1.54054
16.3279,1.50107
14.2026,1.39081
12.2359,1.25412
10.1409,1.13224
8.17226,0.983933
6.10567,0.819083
5.07276,0.748186
4.20217,0.706971
3.19944,0.606352
2.03569,0.505719
0.967387,0.390211
0.028456,0.289535
-0.944252,0.164079
-2.30255,0.0534592
-3.11286,-0.0406669
-4.11725,-0.148022
-6.25621,-0.376008
-8.16905,-0.580939
-10.3068,-0.764465
-12.283,-0.928209
-14.3535,-1.04406
