aoa,cl
24.4775,1.05476
22.5627,1.18908
20.4893,1.35782
18.6021,1.37406
16.2662,1.37059
14.3778,1.35402
12.1994,1.2866
10.2752,1.17327
7.99711,1.01071
7.16005,0.87943
6.2289,0.797343
5.07316,0.700474
4.07695,0.592135
3.11227,0.472315
2.18028,0.370538
0.895358,0.245765
-0.004545,0.147267
-0.841178,0.030729
-5.82277,-0.504491
-8.07167,-0.721241
-9.90362,-0.913354
-12.0866,-1.07925
-14.1036,-1.09747
-16.1917,-0.50866
-18.2423,-0.567896
-20.1983,-0.659937
