aoa,cl,cd
8.5371,-0.346588,0.0
8.3787,-0.226054,0.0
7.02727,-0.223997,0.0
5.09665,-0.220708,0.0
3.16583,-0.225208,0.0
1.07413,-0.227247,0.0
-0.953093,-0.223137,0.0
-2.88378,-0.217797,0.0
-5.0075,-0.209587,0.0
-7.00247,-0.199327,0.0
-8.86851,-0.180048,0.0
-10.8956,-0.167738,0.0
-12.8905,-0.151328,0.0
