aoa,cl
22.5691,1.35964
20.4273,1.4103
18.445,1.44949
16.236,1.4165
14.3161,1.4147
13.1627,1.3736
12.1691,1.32924
10.2759,1.19131
8.06072,1.00088
7.1605,0.890911
6.2289,0.797343
5.04116,0.700471
4.17301,0.593783
3.14446,0.477238
2.21208,0.36562
0.926904,0.234285
0.958839,0.232648
-0.873179,0.0307263
-1.8377,-0.0825445
-4.08644,-0.299277
-5.8551,-0.512697
-8.13601,-0.72945
-9.87235,-0.931399
-12.1506,-1.07762
