cl,cm
0.720466,-0.03224375
0.508511,-0.0360985
0.297979,-0.0321185
0.076101,-0.0347445
-0.158795,-0.0382065
-0.369748,-0.031746
-0.571096,-0.038077
