aoa,cd
14.314,-0.12966675
13.6078,-0.118601
13.0153,-0.04089275
11.767,-0.039302
10.7109,-0.04058225
9.9422,-0.0393815
7.82809,-0.0386505
6.89905,-0.03951425
5.87346,-0.039559
3.66101,-0.03924375
1.8315,-0.0347925
-0.126321,-0.03487675
-2.18227,-0.031256
-4.33572,-0.0276375
-6.13656,-0.02441453
-6.9728,-0.02362458
-8.16272,-0.02449885
-9.25725,-0.02165695
-9.81687,0.0373105
-10.7577,0.0719345
