aoa,cl,cd
11.1047,-0.118497,0.0
10.1078,-0.096131,0.0
9.17496,-0.072538,0.0
8.27426,-0.05464,0.0
7.40543,-0.033074,0.0
6.66584,-0.033086,0.0
5.70127,-0.038397,0.0
4.47909,-0.038824,0.0
2.35589,-0.03886,0.0
0.199925,-0.038082,0.0
-1.69907,-0.037707,0.0
-2.79388,-0.032428,0.0
-4.62893,-0.036534,0.0
-5.6273,-0.035328,0.0
-6.59445,-0.019856,0.0
-7.59302,-0.019871,0.0
-8.43519,0.051869,0.0
-9.17804,0.078366,0.0
