aoa,cl,cd
13.5757,-0.247799,0.0
12.7723,-0.25601,0.0
12.0017,-0.260135,0.0
11.0713,-0.261413,0.0
9.85109,-0.265973,0.0
9.04978,-0.262338,0.0
7.76491,-0.265675,0.0
6.70437,-0.269005,0.0
5.9972,-0.271088,0.0
4.9044,-0.272783,0.0
3.84383,-0.27284,0.0
2.91144,-0.2733,0.0
0.885375,-0.273003,0.0
-1.14121,-0.270248,0.0
-2.94363,-0.26789,0.0
-5.09996,-0.260225,0.0
-7.06239,-0.246398,0.0
-9.12171,-0.229292,0.0
-10.218,-0.226476,0.0
-11.0535,-0.213809,0.0
-12.8551,-0.191343,0.0
-14.9102,-0.149195,0.0
