aoa,cl,cd
22.005,-0.124826,0.0
20.1571,-0.104348,0.0
18.2133,-0.064957,0.0
17.1609,-0.057999,0.0
16.0443,-0.05063,0.0
14.7992,-0.054363,0.0
14.0014,-0.043282,0.0
13.1072,-0.042893,0.0
12.085,-0.040862,0.0
10.1034,-0.041734,0.0
8.05674,-0.042197,0.0
6.10499,-0.041011,0.0
3.95995,-0.040652,0.0
1.84586,-0.036998,0.0
0.179501,-0.03127,0.0
0.307737,-0.031267,0.0
-4.05419,-0.020651,0.0
-6.14109,-0.019459,0.0
-8.13279,-0.017853,0.0
