aoa,cd
20.3547,-0.02252528
16.1833,-0.0173906
11.9432,-0.01470093
5.79891,-0.02269863
4.05983,-0.02644425
-0.323788,-0.034796
-2.42107,-0.0426515
-4.10019,-0.0537655
-6.36034,-0.04936475
-8.36392,-0.0527255
-10.3685,-0.0552695
-12.3747,-0.0619095
-14.5756,-0.06241825
-16.454,-0.0645515
-18.6532,-0.0326885
-20.4022,-0.02292473
