aoa,cl
14.5034,0.852937
13.3137,0.879346
12.4139,0.917276
11.2879,0.922268
10.4829,0.899239
9.38861,0.892697
8.22773,0.808718
7.13223,0.764275
6.2927,0.670382
4.25863,0.459507
2.19166,0.240345
1.15803,0.13157
-0.845124,-0.0843691
-1.94362,-0.196478
-2.88113,-0.306952
-4.10883,-0.422384
-6.72786,-0.717625
-8.1827,-0.866104
