aoa,cd
16.1251,-0.12488875
13.9461,-0.122458
12.1236,-0.092608
10.0139,-0.051295
9.05655,-0.02142595
8.28838,-0.0111975
7.06845,-0.01652235
6.04166,-0.01693545
3.95574,-0.01653378
1.99759,-0.01654095
0.071242,-0.01531958
-1.95197,-0.0140982
-3.81432,-0.00837045
-5.96761,-0.01001578
-8.01711,0.036274
