aoa,cl
12.2343,0.930842
11.1398,0.973148
10.045,1.01383
9.56276,1.01542
9.07439,1.1394
7.15424,0.953174
5.93747,0.842055
4.01809,0.619817
3.05784,0.515201
2.09785,0.402406
1.07289,0.297745
0.080544,0.181642
-1.13813,0.07854
-1.7142,0.00494118
-2.06589,-0.0473879
-4.08426,-0.274838
-6.16849,-0.489313
