aoa,cl
12.0127,1.97322
10.1276,2.03247
9.13769,2.12286
8.50023,2.30024
8.08669,2.49568
7.06333,2.44321
6.13538,2.34805
4.11918,2.12979
2.13457,1.89837
0.05382,1.66857
-1.99545,1.41739
-4.013,1.16617
-5.96664,0.931343
-8.1128,0.665282
-10.0035,0.384386
-12.0866,0.0837405
-13.9781,-0.221882
