aoa,cl,cd
13.413,1.91859,0.0
12.4166,1.97896,0.0
11.2273,2.06215,0.0
10.2019,2.47591,0.0
8.23818,2.36709,0.0
6.11222,2.17683,0.0
4.24236,1.90176,0.0
2.14696,1.66412,0.0
0.083075,1.41663,0.0
-1.85268,1.15277,0.0
-3.98208,0.91329,0.0
-6.04792,0.646025,0.0
-7.98526,0.388464,0.0
-10.02,0.116156,0.0
-11.9911,-0.179065,0.0
