cl,cm
0.56953,-0.00018707
0.377345,-0.00017945
0.159509,-0.00139762
-0.050264,0.00229116
-0.260085,0.00311743
-0.476338,0.00271713
-0.681369,0.00395223
