aoa,cd
16.8242,-0.27769
15.7062,-0.27726
14.7808,-0.2662625
13.5372,-0.24143125
12.6429,-0.23897275
11.8762,-0.23855025
10.7251,-0.24747375
9.47858,-0.2511075
8.71175,-0.25028
6.60313,-0.24454225
4.81363,-0.24165825
2.64052,-0.23754575
0.819069,-0.2305925
-1.3547,-0.22892
-3.36832,-0.22155475
-5.28602,-0.2117495
-7.01167,-0.1978785
-9.08782,-0.16650125
-10.9408,-0.14082275
-12.826,-0.11595425
