aoa,cl,cd
16.2184,1.02011,0.0
15.4147,1.05788,0.0
14.2574,1.1088,0.0
13.1959,1.11383,0.0
12.1982,1.07788,0.0
11.2971,1.05012,0.0
10.235,1.01254,0.02381066
8.01345,0.875123,0.01762024
6.1126,0.681956,0.01400211
4.21176,0.492062,0.01221915
3.18048,0.370901,0.01119738
2.02052,0.249753,0.01074829
0.989342,0.136783,0.01044508
-2.00819,-0.225096,0.01058206
-3.03943,-0.338073,0.0111304
-3.94194,-0.44615,0.01173402
-6.10064,-0.654068,0.01434016
-8.03434,-0.866936,0.01776989
-10.1599,-1.01913,0.0
