cl,cd
0.926502,0.0170884
0.742916,0.0127399
0.542598,0.0106795
0.335442,0.00944624
0.129424,0.00923677
-0.094756,0.00977629
-0.309722,0.011066
-0.512601,0.014738
