aoa,cl,cd
24.7327,-0.126966,0.0
22.4615,-0.109469,0.0
20.6692,-0.103386,0.0
18.5252,-0.057702,0.0
17.5973,-0.024232,0.0
16.4442,-0.017715,0.0
15.3553,-0.000576,0.0
14.3298,-0.000181,0.0
12.3745,-0.001432,0.0
10.2901,-0.004729,0.0
8.36548,-0.008434,0.0
6.21566,-0.008463,0.0
4.2577,-0.008082,0.0
2.23488,-0.007701,0.0
-1.90909,0.000832,0.0
-3.77326,0.001626,0.0
-3.77327,0.001217,0.0
