aoa,cl
16.3136,1.09471
15.3888,1.19194
14.3679,1.27439
13.3784,1.32725
12.2284,1.28141
11.1735,1.20097
10.2141,1.10074
8.32646,0.934752
6.34086,0.673122
4.16211,0.445942
2.33436,0.233417
1.11549,0.11475
-0.746177,-0.0963356
-1.26019,-0.175528
-2.67334,-0.320759
-5.88739,-0.642821
-8.04298,-0.879199
-9.91036,-1.09092
-12.2288,-1.26646
