aoa,cd
16.7726,-0.0875345
16.0666,-0.05615525
14.389,-0.036783
13.5182,-0.02441053
10.1239,-0.02202595
4.04322,-0.02384973
1.87586,-0.02142975
-0.324734,-0.02231823
-6.34579,-0.02290025
-8.96888,-0.02380095
