aoa,cl,cd
15.4813,1.73507,0.0
14.5843,1.88952,0.0
13.5273,2.11628,0.0
12.4381,2.36114,0.0
11.3796,2.44343,0.0
10.5445,2.39263,0.0
9.29199,2.36324,0.0
8.35982,2.25986,0.0
6.46289,2.05798,0.0
4.21173,1.85113,0.0
2.24894,1.63267,0.0
0.092641,1.43552,0.0
-1.64654,1.19881,0.0
-3.86876,0.999857,0.0
-5.77017,0.76463,0.0
-7.86561,0.5178,0.0
-9.83332,0.229733,0.0
-12.0592,-0.012361,0.0
-14.0604,-0.274292,0.0
-16.0626,-0.557728,0.0
