aoa,cd
16.5449,-0.14922975
15.3916,-0.142353
14.5607,-0.1215175
13.408,-0.107259
12.8321,-0.0958245
11.6476,-0.07582275
10.7514,-0.0570255
9.91888,-0.0415005
9.08406,-0.0436095
8.31389,-0.04120225
6.93299,-0.0437595
5.68068,-0.0430265
3.56095,-0.04112275
1.66549,-0.03961325
0.091208,-0.03520825
-2.19097,-0.03331375
-4.47415,-0.034703
-6.50047,-0.03361125
-8.4615,-0.01198085
