aoa,cl,cd
22.4598,-0.052968,0.0
20.4363,-0.050935,0.0
19.475,-0.032393,0.0
18.4798,-0.029109,0.0
17.2906,-0.036548,0.0
16.1987,-0.036977,0.0
15.2034,-0.036166,0.0
14.3371,-0.03082,0.0
13.3104,-0.025476,0.0
12.2197,-0.018484,0.0
11.257,-0.016026,0.0
10.1017,-0.014807,0.0
9.23487,-0.016881,0.0
8.33633,-0.016483,0.0
6.25072,-0.015279,0.0
4.26179,-0.013249,0.0
-3.59297,0.010936,0.0
-5.90097,0.012546,0.0
-7.95269,0.008393,0.0
