aoa,cl,cd
12.1663,1.93388,0.0
11.0234,2.38657,0.0
9.84282,2.39333,0.0
8.98044,2.33937,0.0
8.11765,2.26573,0.0
5.88042,2.09388,0.0
4.02471,1.86613,0.0
1.84922,1.6695,0.0
-0.039631,1.4662,0.0
-2.21722,1.2497,0.0
-3.94803,1.02979,0.0
-6.2237,0.795044,0.0
-8.08274,0.640697,0.0
-10.2341,0.31205,0.0
-12.2893,0.044084,0.0
-14.3451,-0.212489,0.0
