aoa,cd
24.3908,-0.1016885
22.3762,-0.0914785
21.2258,-0.08042975
20.235,-0.07265875
18.4134,-0.05588275
16.2712,-0.04362525
14.2561,-0.03792675
12.0161,-0.0375645
10.1612,-0.02981225
7.9539,-0.02493803
4.01855,-0.02010085
2.09926,-0.0152206
-0.044345,-0.01239568
-3.98001,-0.00960905
-5.96394,-0.00883125
-8.04401,-0.0088757
-10.1239,-0.00768983
-12.2993,-0.00363528
-14.1151,0.04676775
