aoa,cl
9.31543,1.86388
8.22488,1.9603
7.26503,2.08947
6.20497,2.16138
5.29877,2.10569
4.26129,2.00908
2.18641,1.81426
1.34233,1.71278
0.078276,1.59655
-1.83598,1.38053
-3.91155,1.15798
-5.85823,0.927305
-7.96632,0.686846
-9.94493,0.449708
-12.0213,0.183197
-14.223,-0.713377
