aoa,cl
22.3638,1.12291
20.3423,1.1941
18.3238,1.32144
16.2409,1.45543
15.4048,1.46378
14.18,1.43088
12.307,1.32536
10.1725,1.16037
8.22943,0.972207
6.06141,0.797247
4.24576,0.595795
2.04343,0.397639
0.000555,0.177957
-2.13809,-0.0202736
-2.98201,-0.121061
-6.22564,-0.461469
-8.07561,-0.66807
-10.2161,-0.874706
-12.1308,-1.07311
-14.2059,-1.25171
