aoa,cl
18.3091,1.24142
17.2458,1.24798
16.408,1.26437
15.4086,1.25783
14.2479,1.26603
13.2481,1.26768
12.2804,1.2595
11.1509,1.23658
10.2472,1.21693
9.08478,1.16941
8.27742,1.13991
7.14663,1.07107
6.20945,1.01041
4.23729,0.856256
3.26675,0.748
2.16662,0.631515
1.06632,0.523203
0.06275,0.411593
-0.811501,0.314735
-2.91673,0.0930316
-4.05084,-0.040023
-6.18998,-0.268453
-8.03826,-0.472311
-10.1788,-0.659879
