aoa,cl
10.0825,1.81675
8.28536,1.96188
7.16169,2.0304
6.10205,2.08915
4.9447,2.05503
4.23671,1.98013
2.08098,1.77175
1.18012,1.68385
0.086393,1.58781
-2.13342,1.36318
-3.96722,1.15647
-6.15463,0.915598
-8.14891,0.684513
-10.1432,0.429035
-12.1694,0.154061
-14.261,-0.34054
