aoa,cl
16.323,0.77244
15.3304,0.721548
14.276,0.747939
13.2215,0.772691
12.2631,0.807306
11.2078,0.820554
10.0236,0.810785
9.12645,0.779603
8.16509,0.746776
7.13758,0.656355
6.10968,0.560978
4.02143,0.378392
2.92876,0.282955
1.8673,0.171029
1.09457,0.0722452
-0.996442,-0.125373
-2.15528,-0.243986
-3.05738,-0.352738
-3.9595,-0.456569
-4.95736,-0.540647
-6.18062,-0.637939
