aoa,cd
18.5198,-0.10678375
17.5529,-0.10804975
16.3925,-0.1068665
15.6188,-0.105668
12.5547,-0.111112
11.4577,-0.109926
10.199,-0.11243375
9.06917,-0.112888
8.3265,-0.1149665
5.22581,-0.11549925
3.22237,-0.1131185
1.12115,-0.1103305
-0.754458,-0.106302
-2.92205,-0.103514
-4.70185,-0.0953755
-6.90355,-0.093406
-8.71716,-0.08567425
-10.726,-0.08041025
