aoa,cl,cd
20.1908,-0.084833,0.0
18.2388,-0.073711,0.0
15.999,-0.058886,0.0
14.0453,-0.064215,0.0
11.803,-0.072422,0.0
9.94484,-0.080221,0.0
7.63873,-0.083493,0.0
5.58885,-0.085532,0.0
3.79513,-0.087162,0.0
1.74512,-0.08879,0.0
-0.272516,-0.086717,0.0
-2.03525,-0.09493,0.0
-4.27755,-0.094911,0.0
-6.03959,-0.09613,0.0
-6.39202,-0.096539,0.0
-8.41038,-0.097345,0.0
-10.2675,-0.089924,0.0
-12.536,-0.044649,0.0
-14.4551,-0.022828,0.0
-16.6288,0.011746,0.0
