aoa,cl
12.301,0.848799
11.3414,0.904486
10.291,1.09602
9.13258,0.999529
8.23058,0.903006
7.29698,0.821204
6.23352,0.705017
4.42771,0.488955
3.29947,0.369443
2.20408,0.272838
1.62285,0.190957
1.04297,0.143463
0.107186,0.0320841
-0.409396,-0.0350773
-1.92544,-0.192361
-2.89362,-0.300511
-3.92647,-0.415233
-6.02417,-0.629981
-8.02647,-0.854623
