aoa,cl
8.4006,1.67386
7.05358,1.77077
6.15643,1.77902
5.67516,1.81025
5.03475,1.78728
4.45814,1.77417
3.27471,1.65759
2.34753,1.54427
0.203694,1.33895
-1.49081,1.10566
-3.60316,0.883812
-5.71597,0.658615
-7.79665,0.413653
-9.87796,0.173561
-12.0879,-0.0797525
