aoa,cl,cd
16.7115,-0.124819,0.0
15.7773,-0.074836,0.0
14.6497,-0.044105,0.0
13.5866,-0.040819,0.0
12.6202,-0.036306,0.0
10.5267,-0.042841,0.0
8.72331,-0.043236,0.0
6.37299,-0.042807,0.0
2.54276,-0.038681,0.0
0.38685,-0.036617,0.0
-0.674849,-0.036199,0.0
-1.63998,-0.030461,0.0
-2.63713,-0.0325,0.0
-4.69555,-0.027163,0.0
-5.85321,-0.025927,0.0
