aoa,cd
17.8469,-0.076085
16.9208,-0.07074375
15.9995,-0.050212
15.0414,-0.04445775
13.9199,-0.04896625
12.8639,-0.04854875
11.8072,-0.0497735
10.943,-0.049357
9.82212,-0.050171
7.77283,-0.0497465
5.81978,-0.04726875
3.73825,-0.04437875
1.71969,-0.043543
0.85472,-0.04230425
-0.105381,-0.03736625
-1.96341,-0.032832
-3.18211,-0.0336445
-4.11122,-0.0307605
-6.2265,-0.0254
-8.08636,-0.02250718
