aoa,cl
24.2784,0.974719
22.0033,0.999282
20.2727,1.04023
17.9658,1.08116
16.1717,1.11554
14.9867,1.12208
14.4731,1.18268
13.8004,1.19905
12.1048,1.13843
9.9316,0.969732
8.01421,0.825618
5.7459,0.642226
3.89416,0.447399
1.94604,0.282067
-0.193168,0.0905697
-2.33209,-0.099262
-4.11889,-0.290714
-6.32175,-0.454302
-8.17209,-0.640792
-10.2784,-0.807608
-12.1299,-0.915508
