aoa,cl,cd
20.1314,-0.030709,0.0
19.3298,-0.001364,0.0
18.1076,0.003543,0.0
17.11,0.00152,0.0
16.0805,0.002349,0.0
13.9246,0.001973,0.0
11.8653,0.00078,0.0
9.9025,0.001215,0.0
7.84301,-0.000793,0.0
4.81805,-0.004417,0.0
4.81808,-0.00401,0.0
3.82037,-0.006848,0.0
2.69413,-0.006832,0.0
1.7614,0.000516,0.0
-4.32042,0.003863,0.0
-6.31579,0.000631,0.0
-8.27885,0.000659,0.0
