aoa,cl
24.5853,1.08291
22.4525,1.14485
20.5101,1.25433
18.4719,1.3114
17.389,1.33583
16.3379,1.35207
14.3949,1.3174
12.2924,1.2237
10.2853,1.11361
9.10621,1.06919
8.30962,1.00842
6.17421,0.908112
5.05849,0.866957
4.22997,0.75863
3.24203,0.632235
1.99877,0.527101
0.118064,0.297234
-2.08185,0.0475974
-3.1342,-0.0559108
-6.25977,-0.38124
-8.14187,-0.576805
