aoa,cl,cd
20.1354,-0.013101,0.0
18.0212,-0.008582,0.0
16.1958,-0.006932,0.0
13.9215,0.004138,0.0
12.0961,0.011109,0.0
9.75905,0.013989,0.0
7.935,0.010316,0.0
5.69518,0.006236,0.0
3.93531,0.005837,0.0
1.82368,0.005851,0.0
-0.127305,0.000952,0.0
-2.17403,-0.003537,0.0
-4.09257,-0.008026,0.0
-6.29845,-0.014967,0.0
-8.08888,-0.016182,0.0
-10.2944,-0.021076,0.0
