aoa,cl,cd
24.1653,-0.121438,0.0
22.0565,-0.11773,0.0
20.0755,-0.110327,0.0
18.2221,-0.104977,0.0
17.1996,-0.098811,0.0
15.9853,-0.091822,0.0
14.9625,-0.092637,0.0
14.1632,-0.097559,0.0
13.0444,-0.097963,0.0
11.9577,-0.095903,0.0
10.9347,-0.097539,0.0
10.0396,-0.095069,0.0
7.89783,-0.090127,0.0
6.04339,-0.090525,0.0
4.0611,-0.086816,0.0
2.01484,-0.07982,0.0
-0.063565,-0.073233,0.0
-2.07816,-0.066647,0.0
-4.02926,-0.067455,0.0
-6.04378,-0.053062,0.0
-8.21865,-0.044419,0.0
