aoa,cd
18.326,-0.00567195
17.2659,-0.003623
16.269,-0.0048468
14.2753,-0.00606735
12.251,-0.00155992
10.1918,-0.00441685
8.135,0.00050065
6.20358,-0.00317545
4.24157,-0.00153159
2.02008,-0.0047981
-0.072309,-0.00601895
-2.03656,-0.00805915
-4.03453,-0.01337475
-6.03099,-0.013778
-8.06041,-0.0154096
-10.0583,-0.01786055
-12.1843,-0.0178543
-14.1159,-0.01416258
-16.2013,0.00877968
-18.1296,0.02189338
