aoa,cl
16.106,2.27528
14.0959,2.454
13.1055,2.49228
12.1166,2.61135
11.1578,2.64634
9.97435,2.65835
8.05044,2.48922
6.02829,2.28536
4.03701,2.09618
1.9153,1.88048
-0.047448,1.67117
-2.0764,1.44353
-4.17118,1.21737
-6.07433,1.00259
-8.14046,0.766144
-10.2414,0.501339
-12.2152,0.232984
-14.3842,-0.0355833
