aoa,cl,cd
15.0097,-0.138428,0.0
14.1491,-0.120776,0.0
13.8211,-0.041982,0.0
12.0246,-0.041962,0.0
10.7398,-0.046052,0.0
9.71261,-0.046861,0.0
8.87828,-0.046441,0.0
7.85114,-0.04643,0.0
6.7594,-0.047239,0.0
5.63635,-0.045174,0.0
3.70952,-0.045563,0.0
1.81559,-0.042257,0.0
-0.36776,-0.038536,0.0
-2.23081,-0.036461,0.0
-4.5451,-0.036845,0.0
-6.24772,-0.033128,0.0
-8.36857,-0.028994,0.0
