aoa,cl
19.962,1.0229
17.8103,1.11619
15.7875,1.20292
15.2073,1.28979
15.1708,1.40625
14.6574,1.41932
13.7617,1.37657
11.7797,1.25663
9.67156,1.10721
7.53388,0.92016
5.52501,0.738122
3.64638,0.525056
1.57761,0.292435
-2.55948,-0.115197
-4.53218,-0.288611
-6.6303,-0.491379
-8.63264,-0.674438
-10.5373,-0.877024
-12.5368,-1.08115
-14.668,-1.19047
