aoa,cl,cd
15.2218,-0.271585,0.0
14.3223,-0.245319,0.0
13.1961,-0.244463,0.0
12.1343,-0.244019,0.0
11.1367,-0.244397,0.0
10.075,-0.243543,0.0
8.85231,-0.243504,0.0
7.17918,-0.24427,0.0
4.99163,-0.240921,0.0
3.31924,-0.23308,0.0
1.1643,-0.226453,0.0
-0.765623,-0.223932,0.0
-2.85617,-0.219767,0.0
-5.01041,-0.208633,0.0
-7.06795,-0.196273,0.0
-8.86719,-0.172447,0.0
-10.3442,-0.142486,0.0
-12.5289,-0.116193,0.0
