cl,cd
1.24821,0.0271418
1.10056,0.0184004
0.922951,0.0142798
0.728917,0.0114693
0.507176,0.00996926
0.291576,0.00945335
-0.145313,0.0112607
-0.36701,0.0155389
