aoa,cl,cd
24.3908,-0.101689,0.0
22.3762,-0.091479,0.0
21.2258,-0.08043,0.0
20.235,-0.072659,0.0
18.4134,-0.055883,0.0
16.2712,-0.043625,0.0
14.2561,-0.037927,0.0
12.0161,-0.037565,0.0
10.1612,-0.029812,0.0
7.9539,-0.024938,0.0
4.01855,-0.020101,0.0
2.09926,-0.015221,0.0
-0.044345,-0.012396,0.0
-3.98001,-0.009609,0.0
-5.96394,-0.008831,0.0
-8.04401,-0.008876,0.0
-10.1239,-0.00769,0.0
-12.2993,-0.003635,0.0
-14.1151,0.046768,0.0
