cl,cd
1.10094,0.023488
1.0638,0.00846888
0.68212,0.00618182
0.457526,0.00540928
0.240949,0.00536286
0.010255,0.00777885
-0.229004,0.00857686
