aoa,cl
22.3743,1.31307
20.3606,1.35727
18.3153,1.35579
17.1637,1.39341
16.2988,1.47999
14.3165,1.46709
13.1332,1.45576
12.142,1.43134
10.2242,1.3188
7.85838,1.16541
5.94065,0.96945
3.89357,0.801203
2.96611,0.703159
1.9105,0.592022
0.854339,0.50048
-0.201431,0.372947
-0.969454,0.283003
-2.08997,0.168506
-3.01851,0.0687108
-3.94696,-0.0474621
-8.11307,-0.440391
-10.1972,-0.651708
-12.0894,-0.856542
-14.0471,-1.03362
