aoa,cl,cd
8.08498,2.27453,0.0
7.05312,2.39358,0.0
6.02304,2.27633,0.0
4.92816,2.19005,0.0
4.15558,2.08417,0.0
2.28795,1.86752,0.0
0.001119,1.61661,0.0
-2.12528,1.39988,0.0
-4.09053,1.1358,0.0
-6.02402,0.883085,0.0
-8.15132,0.605854,0.0
-9.95633,0.322036,0.0
-12.1166,0.00879,0.0
-14.1158,-0.311051,0.0
