aoa,cl
24.4759,0.97896
22.5119,1.05824
20.4813,1.11944
18.3902,1.27962
16.305,1.58677
14.3277,1.49797
12.2511,1.36955
10.3016,1.19489
8.1243,0.992205
2.07853,0.395672
-4.16141,-0.204123
-8.22549,-0.662156
-10.1435,-0.87632
-12.1905,-1.06579
-14.2701,-1.26515
-15.1798,-1.34424
-16.3121,-1.15181
-18.2885,-0.913213
