aoa,cl
18.6526,1.28825
17.4024,1.331
16.4082,1.32449
15.3184,1.41651
14.42,1.40178
13.104,1.35258
12.0119,1.25409
10.3412,1.07673
8.12358,0.86482
6.22645,0.656115
5.13297,0.544336
4.16788,0.43747
3.20264,0.332229
2.75207,0.276315
2.17274,0.205593
1.1107,0.10524
-0.789079,-0.131688
-1.9483,-0.241977
-2.9148,-0.368721
-4.01005,-0.474114
-4.84802,-0.587724
-5.84703,-0.6915
-8.23237,-0.92385
-10.1027,-1.10354
-12.2316,-1.29816
-14.0383,-1.42198
-15.0376,-1.37441
