aoa,cl,cd
20.3352,-0.080743,0.0
18.1803,-0.076613,0.0
16.0915,-0.072485,0.0
14.1342,-0.067534,0.0
12.0814,-0.049791,0.0
10.2206,-0.065062,0.0
6.11128,-0.083629,0.0
3.99326,-0.088165,0.0
1.97424,-0.088988,0.0
-0.272293,-0.092696,0.0
-2.09439,-0.092282,0.0
-4.33892,-0.093516,0.0
-6.06235,-0.094338,0.0
