aoa,cl
24.2701,1.39229
22.3764,1.41846
20.226,1.43482
18.3324,1.40866
16.1502,1.33998
14.193,1.24842
12.1077,1.15034
10.2473,1.0768
7.9703,0.977113
7.13638,0.977121
5.69344,0.919936
4.89204,0.862751
4.02684,0.767991
2.04075,0.518075
-1.1939,0.180098
-2.02615,0.0739979
-3.01816,-0.0647278
-5.99421,-0.38939
-9.9284,-0.80846
