aoa,cd
19.3619,-0.0976395
18.3379,-0.086613
17.5056,-0.075574
16.6719,-0.0485155
15.8399,-0.0432235
14.7844,-0.043284
13.5048,-0.042125
12.737,-0.04216875
11.7453,-0.04345825
10.5617,-0.046402
9.63354,-0.044401
7.74513,-0.04245475
5.63231,-0.040521
3.74298,-0.036519
1.59734,-0.03458625
-0.484938,-0.03018275
-2.18316,-0.026168
-4.20182,-0.02422635
-6.3492,-0.02105795
-8.17664,-0.0166372
-10.2925,-0.015522
