aoa,cd
10.6509,-0.3541725
9.36753,-0.364855
8.37282,-0.36568
7.47432,-0.367325
6.80038,-0.3488475
5.54879,-0.314765
4.58609,-0.22771275
2.98152,-0.21826875
0.895347,-0.21498325
-1.03059,-0.21539325
-3.02094,-0.2141605
-5.07568,-0.2079995
-7.09844,-0.1964985
-8.99287,-0.18088925
-11.0481,-0.16897525
-11.943,0.0441455
