aoa,cl
10.4032,2.33955
9.0612,2.44592
8.74662,2.55052
8.27599,2.72702
7.21614,2.72389
6.21782,2.67829
5.18445,2.58694
4.12016,2.51519
2.27673,2.31284
0.693483,2.16435
0.142864,2.09252
-1.76725,1.85907
-4.06341,1.62074
-5.90956,1.3905
-7.95053,1.13246
-9.79747,0.897251
-12.0647,0.627724
-13.9787,0.358119
-16.1235,0.00508894
-18.0771,-0.367651
