aoa,cl
12.3958,0.81443
11.4042,0.871753
10.2516,0.914361
9.22827,0.98643
8.26279,0.906278
7.45652,0.799916
6.26487,0.687007
4.29807,0.457847
3.3315,0.367805
2.26822,0.2712
1.04283,0.140187
-0.054187,0.0124276
-0.473627,-0.0350781
-2.05325,-0.175982
-2.9572,-0.28413
-3.92634,-0.411956
-5.96003,-0.633256
-7.89726,-0.839864
-8.82726,-0.782559
-10.1125,-0.759691
-11.1395,-0.707296
