aoa,cl,cd
22.2939,-0.073751,0.0
20.2578,-0.041775,0.0
19.3663,-0.029063,0.0
18.189,-0.00814,0.0
17.2304,-0.006922,0.0
16.1438,-0.004472,0.0
14.1599,-0.005321,0.0
12.1098,-0.00946,0.0
9.99448,-0.011958,0.0
8.13482,-0.011986,0.0
6.14555,-0.012016,0.0
4.09124,-0.009988,0.0
2.03474,-0.01043,0.0
-2.01534,-0.001423,0.0
-4.07532,0.001023,0.0
-6.29819,0.002645,0.0
-8.26443,0.005096,0.0
