cl,cm
0.658115,0.00492668
0.659719,0.004519
0.431657,0.00200563
0.221122,-0.00132109
0.008868,-0.00056527
-0.205121,0.00141646
-0.43214,0.00094319
-0.654472,0.0012888
