aoa,cl
9.3744,1.86021
8.45147,1.94689
7.74751,1.96993
6.9153,1.99629
6.40166,1.99645
5.7271,1.9934
5.27474,1.96256
4.23859,1.87153
2.39018,1.69253
0.248978,1.49711
0.216796,1.49712
-1.76944,1.2606
-3.98211,1.03696
-5.90276,0.853963
-8.153,0.621692
-9.98491,0.395695
-12.1755,0.158007
-14.3104,-0.142328
