aoa,cl
7.34149,1.58414
6.41021,1.71514
5.79985,1.78886
5.18873,1.77748
4.25517,1.6745
3.35366,1.5715
2.51659,1.49303
1.29294,1.37039
0.165796,1.26901
-1.79918,1.076
-3.89355,0.876401
-5.79534,0.658723
-7.85889,0.413156
-9.98746,0.167522
-12.052,-0.0617988
-13.9237,-0.301002
