aoa,cl
13.1959,1.63733
12.3313,1.80843
11.7324,2.53683
11.1536,2.51732
9.99579,2.45549
9.09497,2.38875
8.32282,2.32851
7.19678,2.24061
6.10292,2.1527
4.23667,1.97687
2.01681,1.7799
0.118528,1.58781
-2.06898,1.37947
-2.16549,1.3697
-3.96719,1.15973
-6.18655,0.938398
-8.24532,0.682891
-10.3358,0.450209
-12.2013,0.188242
-14.3236,-0.0785571
-16.2209,-0.372991
