aoa,cl,cd
12.2696,1.52178,0.0
10.4068,1.63224,0.0
9.0245,1.6735,0.0
8.15701,1.71638,0.0
6.99988,1.75763,0.0
6.29266,1.78073,0.0
4.6515,1.77919,0.0
4.23019,1.67875,0.0
2.58334,1.49437,0.0
-0.032075,1.22762,0.0
-1.90549,1.02997,0.0
-4.13352,0.832306,0.0
-5.97582,0.626337,0.0
-8.20602,0.390661,0.0
-10.0499,0.161515,0.0
-12.1854,-0.102313,0.0
