aoa,cl
24.4698,0.939163
22.4125,1.00477
20.3274,1.36603
19.1702,1.40868
18.4305,1.40701
17.208,1.38725
16.3071,1.356
14.2795,1.26394
12.2516,1.13902
10.2877,1.00097
8.09842,0.833352
6.16575,0.618116
3.97615,0.424225
2.0115,0.215567
-0.113914,0.00526462
-1.98227,-0.224728
-4.13984,-0.44159
-6.10418,-0.642017
-8.03641,-0.849007
-10.0326,-1.02972
-12.1888,-1.16118
-14.0554,-1.26963
-16.2431,-1.35347
-18.0768,-1.40445
-18.9449,-1.393
-20.3267,-1.3126
-22.1553,-0.956359
-24.2125,-0.875987
