aoa,cl,cd
20.3013,-0.153716,0.0
18.3613,-0.125518,0.0
16.2616,-0.116188,0.0
15.4013,-0.042774,0.0
13.1728,-0.037122,0.0
12.1538,-0.039218,0.0
10.2745,-0.04094,0.0
8.07578,-0.042266,0.0
6.19498,-0.04399,0.0
3.99453,-0.045728,0.0
2.04836,-0.045401,0.0
0.005599,-0.042611,0.0
-2.0059,-0.043931,0.0
-3.92261,-0.038667,0.0
-6.06349,-0.039992,0.0
