aoa,cl,cd
20.4514,-0.087224,0.0
18.5134,-0.033079,0.0
16.2764,-0.023101,0.0
14.1688,-0.022619,0.0
12.1596,-0.023378,0.0
7.91791,-0.027358,0.0
6.00892,-0.031412,0.0
3.87448,-0.037515,0.0
1.83896,-0.040324,0.0
-0.227219,-0.041485,0.0
-6.32346,-0.056476,0.0
-10.2178,-0.053861,0.0
-12.5979,-0.055825,0.0
