aoa,cd
24.299,-0.10741175
22.3795,-0.102641
20.2966,-0.0889195
18.3369,-0.0609255
16.2523,-0.05573075
14.1345,-0.053794
12.0127,-0.04125325
10.1483,-0.038889
8.05812,-0.040614
6.1591,-0.04110675
4.03198,-0.036709
2.12837,-0.03025425
-0.001679,-0.0287095
-1.87512,-0.0271525
-4.00927,-0.0227412
-5.98254,-0.02282173
-8.11978,-0.02086158
-10.0321,-0.01807138
-12.2056,-0.01487938
-14.0934,0.01087483
-16.3114,0.05550575
-18.1049,0.08213025
-20.4161,0.08742225
