aoa,cl,cd
19.3619,-0.09764,0.0
18.3379,-0.086613,0.0
17.5056,-0.075574,0.0
16.6719,-0.048516,0.0
15.8399,-0.043224,0.0
14.7844,-0.043284,0.0
13.5048,-0.042125,0.0
12.737,-0.042169,0.0
11.7453,-0.043458,0.0
10.5617,-0.046402,0.0
9.63354,-0.044401,0.0
7.74513,-0.042455,0.0
5.63231,-0.040521,0.0
3.74298,-0.036519,0.0
1.59734,-0.034586,0.0
-0.484938,-0.030183,0.0
-2.18316,-0.026168,0.0
-4.20182,-0.024226,0.0
-6.3492,-0.021058,0.0
-8.17664,-0.016637,0.0
-10.2925,-0.015522,0.0
