aoa,cd
6.47985,-0.3589775
5.55172,-0.337355
4.75229,-0.3108
3.72772,-0.286305
2.95992,-0.260145
2.09563,-0.23357425
1.19728,-0.2242195
0.073197,-0.22226175
-1.05119,-0.22153375
-2.88319,-0.2257845
-4.97156,-0.21529225
-6.96394,-0.201917
-8.79617,-0.1885245
-10.4615,-0.078646
