aoa,cl,cd
18.0457,-0.079163,0.0
17.4778,-0.055662,0.0
16.6789,-0.052361,0.0
16.1443,-0.024318,0.0
14.9607,-0.022248,0.0
13.1046,-0.020173,0.0
11.9847,-0.017278,0.0
10.0632,-0.016439,0.0
8.14155,-0.01395,0.0
5.96257,-0.012283,0.0
3.91224,-0.006901,0.0
2.05238,-0.005648,0.0
-0.032429,-0.003566,0.0
-2.1483,0.004299,0.0
-4.07341,0.008447,0.0
-6.03201,0.010117,0.0
-8.18319,0.014683,0.0
-10.3047,0.013464,0.0
