aoa,cd
14.2055,-0.23763025
13.0239,-0.2674975
12.5104,-0.269175
11.548,-0.27579
10.7449,-0.2770875
9.68361,-0.275555
8.75064,-0.2744175
7.68901,-0.2753325
6.75544,-0.27501
4.75757,-0.2707025
2.79092,-0.26925
0.725248,-0.2649425
-1.2456,-0.2589875
-3.25021,-0.2538475
-5.1599,-0.2462395
-7.13626,-0.23658425
-8.98485,-0.22568175
-11.1593,-0.21397725
-13.0453,-0.1936315
-14.8062,-0.1564485
