aoa,cl,cd
24.3116,1.18343,0.0
22.6122,1.20823,0.0
20.5275,1.27247,0.0
18.6335,1.27271,0.0
16.4492,1.25,0.0
14.4238,1.19114,0.0
12.3334,1.15525,0.0
10.5955,1.09466,0.0
8.56675,1.00779,0.00688816
7.27883,0.99969,0.00680323
6.37715,1.00142,0.00682137
5.28054,0.907819,0.00605465
4.28,0.79446,0.00610242
3.24735,0.705738,0.0062508
1.30895,0.442697,0.00561114
0.242931,0.330869,0.00565336
-1.69655,0.092318,0.00537288
-2.73137,-0.0377,0.00556618
-3.79834,-0.14142,0.00603673
-7.87492,-0.54174,0.0
