aoa,cl
16.3345,0.840192
14.4045,0.909101
13.2143,0.938643
12.2492,0.958343
11.2518,0.961649
10.2223,0.973153
9.25702,0.953506
8.0018,0.869926
6.97181,0.792896
6.16699,0.707662
4.04213,0.471618
1.01578,0.15852
-2.1396,-0.17919
-4.07167,-0.402159
-5.84301,-0.641541
-8.22554,-0.825161
