aoa,cl
12.0344,0.743021
11.2311,0.764132
10.042,0.791739
8.78837,0.822605
7.95301,0.824207
7.08792,0.746088
5.9025,0.628888
5.03766,0.531207
4.14082,0.423741
2.95384,0.332508
1.79961,0.213582
1.09522,0.10607
0.004189,0.00989504
-5.00174,-0.531508
-6.25466,-0.647397
