aoa,cl,cd
6.35383,-0.376093,0.0
5.13842,-0.36422,0.0
4.49897,-0.356438,0.0
3.64123,-0.317488,0.0
2.75113,-0.279765,0.0
2.12084,-0.224398,0.0
1.03552,-0.200618,0.0
0.269428,-0.183396,0.0
-0.691339,-0.177661,0.0
-2.77513,-0.174807,0.0
-4.53806,-0.169488,0.0
-6.65437,-0.165402,0.0
-8.57703,-0.153517,0.0
-10.596,-0.140399,0.0
-11.6643,-0.021787,0.0
-11.3434,0.14404,0.0
