aoa,cl
24.584,0.855425
22.5361,0.915897
20.4889,1.15284
18.3117,1.26241
15.4285,1.36227
14.4345,1.31166
12.5742,1.18424
10.2641,1.02246
8.33817,0.839369
6.31544,0.649687
4.29197,0.420698
3.26412,0.333987
2.13976,0.24399
-0.881109,-0.0686043
-2.10272,-0.214293
-2.77785,-0.281423
-3.96751,-0.396054
-6.05797,-0.618794
-8.02027,-0.81703
-10.0152,-1.01041
-12.2681,-1.16951
-14.071,-1.28929
-15.1335,-1.31238
-16.0995,-1.30435
-18.2576,-1.25393
-20.2551,-0.938092
-22.1892,-0.959643
-24.4141,-0.984518
