cl,cd
0.587617,0.0138452
0.378375,0.00950262
0.156348,0.00859823
-0.052712,0.00989741
-0.27233,0.0169732
