aoa,cl
14.3155,2.22004
13.4513,2.35709
12.3641,2.76806
11.1469,2.80125
10.3134,2.72714
8.16504,2.56574
6.27198,2.3646
4.18556,2.1634
2.29077,1.96868
1.26282,1.8746
0.202365,1.76068
-1.79071,1.54926
-3.81706,1.3179
-5.84457,1.06824
-7.93774,0.788666
-9.93543,0.513915
-12.0308,0.232396
-14.0628,-0.0426423
-16.1281,-0.326109
