aoa,cl
14.4395,0.869414
13.3149,0.923825
12.4816,1.04082
11.4206,1.06723
11.0348,1.07878
10.4549,1.0508
9.2623,0.978374
8.45487,0.874614
6.42197,0.688504
4.06543,0.457865
3.16044,0.337572
3.09615,0.340871
2.15966,0.24694
1.8679,0.181009
1.22193,0.115083
0.73752,0.0689327
0.05942,0.00794563
-0.392841,-0.0382106
-0.877584,-0.0926128
-1.23393,-0.160211
-1.94408,-0.211319
-2.88134,-0.313548
-4.04456,-0.427332
-5.88807,-0.653292
-8.24704,-0.862804
-9.92968,-1.07071
