aoa,cl,cd
13.2057,-0.032459,0.0
11.9536,-0.027564,0.0
11.1834,-0.008362,0.0
10.4447,-0.007548,0.0
8.99897,-0.005921,0.0
8.19563,-0.005925,0.0
6.39573,-0.006752,0.0
4.30601,-0.003492,0.0
2.2477,-0.001458,0.0
-4.09262,0.000967,0.0
-5.92832,0.003823,0.0
-8.08687,0.004223,0.0
