aoa,cl
24.2346,0.899897
22.023,0.919397
20.1626,0.979659
19.0696,1.13287
18.2028,1.18177
16.1493,1.20622
14.0003,1.16055
12.172,1.10345
9.95808,1.03981
8.06585,0.925591
7.0071,0.871732
6.07725,0.79503
4.15263,0.659551
1.87489,0.491398
-0.048493,0.274286
-2.10132,0.0799757
-4.05678,-0.161671
-6.27194,-0.323431
-8.19735,-0.508032
-9.19227,-0.602795
-10.2534,-0.63557
