aoa,cl
22.0895,1.18875
20.3228,1.51476
19.0065,1.58646
18.1396,1.62232
16.2775,1.56521
14.0291,1.45751
12.1332,1.34812
10.0113,1.19787
8.30658,1.0492
6.08606,0.879189
4.18635,0.735252
2.93015,0.661591
1.96347,0.563424
-0.002988,0.337574
-2.09963,0.0968538
-3.03554,-0.0276318
-4.03621,-0.143983
-6.16745,-0.360443
-8.20306,-0.577009
-10.3367,-0.788808
-12.1482,-0.984258
-14.2187,-1.10611
-16.2817,-0.385456
