aoa,cl,cd
17.0203,-0.14233,0.0
15.1983,-0.129624,0.0
14.3042,-0.11281,0.0
13.3779,-0.098046,0.0
12.3564,-0.075077,0.0
11.5581,-0.05867,0.0
10.9523,-0.03816,0.0
9.6722,-0.036518,0.0
8.87158,-0.0398,0.0
7.68725,-0.038158,0.0
5.3816,-0.039797,0.0
3.62022,-0.038564,0.0
1.63403,-0.038973,0.0
-0.416706,-0.039382,0.0
-4.42312,-0.037736,0.0
-6.18463,-0.022543,0.0
-8.29732,0.007024,0.0
