aoa,cl
24.2719,1.0389
22.2183,1.11865
20.292,1.2653
18.1724,1.45926
17.1768,1.52283
16.2135,1.47551
15.1537,1.42328
14.19,1.38899
12.1334,1.25837
10.2365,1.13422
8.24225,0.99858
5.98948,0.86448
5.08801,0.787621
4.08983,0.78916
4.21855,0.731988
1.89908,0.58303
0.061522,0.350664
-2.09951,0.124661
-3.03553,-0.0259958
-3.97144,-0.0965169
-6.29614,-0.286804
-8.07332,-0.495101
