aoa,cl
16.3154,1.24519
15.2617,1.29744
14.2396,1.335
13.2806,1.33667
12.2258,1.34487
11.2663,1.32532
10.2741,1.27638
9.02584,1.22091
8.0328,1.13931
6.36613,0.96953
4.18678,0.793171
1.04295,0.446837
-0.048189,0.324272
-1.0754,0.204955
-2.0067,0.0839876
-4.25402,-0.143317
-6.2457,-0.370684
-8.33432,-0.60304
