aoa,cd
11.9128,-0.11793725
10.7884,-0.11310375
9.72658,-0.0976935
8.82394,-0.07251375
8.04903,-0.04244475
7.14479,-0.00708703
5.89055,-0.0010216
3.99353,0.00014488
-0.124543,0.00247013
-2.15274,0.00404153
-4.05303,0.0064316
-6.01831,0.00719163
