aoa,cl,cd
10.2783,2.14292,0.0
9.34965,2.30644,0.0
8.26075,2.4865,0.0
7.13809,2.40576,0.0
6.27184,2.34314,0.0
4.37819,2.18154,0.0
2.38704,1.96537,0.0
0.105788,1.73094,0.0
-1.75886,1.51785,0.0
-3.97837,1.25177,0.0
-5.81294,1.01531,0.0
-8.03456,0.758882,0.0
-9.99997,0.497361,0.0
-12.0634,0.194313,0.0
-13.9028,-0.132066,0.0
