aoa,cd
14.9847,-0.1255175
14.0869,-0.11487375
13.4739,-0.09063975
12.9823,-0.03595825
11.767,-0.03971325
10.7751,-0.0414025
9.81438,-0.0406215
7.57204,-0.0398965
5.87363,-0.0403825
3.59687,-0.0392465
1.79958,-0.03561775
-0.222544,-0.03529275
-4.27144,-0.02763475
-6.16845,-0.02565275
-8.25967,-0.02244068
