aoa,cl
9.32057,1.78281
8.16951,1.88586
7.69109,2.09477
7.05097,2.07864
6.18596,1.97447
5.25656,1.86049
4.39132,1.79215
2.01835,1.56903
0.028639,1.37181
-1.89834,1.16627
-4.05146,0.949174
-6.04539,0.741721
-7.94464,0.509569
-9.97406,0.26253
-12.2624,0.0169584
-14.1661,-0.230447
