aoa,cd
13.0861,-0.093343
12.0099,-0.07811275
10.9942,-0.0678135
9.85088,-0.004022
8.92496,-0.00234986
7.86738,-0.00643583
6.87742,-0.00393843
5.9179,-0.00349975
4.1891,-0.0042747
1.88228,-0.00585793
-2.28472,-0.00491765
-4.17909,-0.00692658
-6.16924,-0.00604668
