aoa,cl,cd
8.81906,-0.341013,0.0
8.14941,-0.224445,0.0
7.09173,-0.228554,0.0
5.90569,-0.228168,0.0
5.13633,-0.223682,0.0
4.07814,-0.220837,0.0
3.05172,-0.219628,0.0
0.99814,-0.217618,0.0
0.195808,-0.214357,0.0
-0.95998,-0.213558,0.0
-2.88679,-0.208677,0.0
-4.94295,-0.202977,0.0
-6.87108,-0.191537,0.0
-8.79983,-0.177635,0.0
-10.7941,-0.169054,0.0
-13.0139,-0.152275,0.0
