aoa,cl
24.1843,1.17077
22.2644,1.19372
20.1837,1.27873
18.135,1.29681
16.0861,1.27733
14.1011,1.23826
12.0839,1.16815
10.1622,1.14049
9.07286,1.16015
8.36779,1.18632
7.59893,1.17166
6.89422,1.14556
6.12561,1.09333
3.852,0.89743
1.99518,0.668823
0.906335,0.565952
-1.68748,0.283436
-2.00741,0.21974
-4.3456,-0.00564069
-8.44557,-0.436861
-10.0471,-0.621452
