aoa,cl,cd
12.3038,2.00132,0.0
11.3104,1.98165,0.0
10.2833,2.09475,0.0
9.06472,2.15374,0.0
8.13126,2.49127,0.0
7.26715,2.41753,0.0
4.19526,2.07832,0.0
2.08283,1.85869,0.0
0.066276,1.63412,0.0
-1.95047,1.39475,0.0
-4.09567,1.14879,0.0
-6.01689,0.896221,0.0
-8.13069,0.637048,0.0
-10.2128,0.374546,0.0
-12.0389,0.09885,0.0
-14.2821,-0.193303,0.0
