aoa,cl,cd
20.1138,-0.085906,0.0
19.3491,-0.076979,0.0
18.2316,-0.052175,0.0
16.8632,-0.05345,0.0
16.1631,-0.055922,0.0
14.1884,-0.056407,0.0
12.3403,-0.058517,0.0
10.4279,-0.063486,0.0
8.16297,-0.066433,0.0
6.11949,-0.065699,0.0
5.28961,-0.068998,0.0
4.20473,-0.076798,0.0
2.25473,-0.075654,0.0
0.046805,-0.070028,0.0
-1.84161,-0.068879,0.0
-4.01961,-0.066515,0.0
-6.07082,-0.064144,0.0
-8.09139,-0.060953,0.0
