aoa,cl
6.22411,1.59606
5.27484,1.67228
3.99718,1.6975
3.58654,1.73726
2.94532,1.73586
1.99901,1.62399
1.10491,1.43287
-0.111972,1.22863
-1.05516,1.14145
-2.0688,1.013
-4.01919,0.846799
-6.20327,0.626091
-8.13148,0.40358
-10.222,0.17605
-12.3765,-0.0433166
