aoa,cd
17.7437,-0.103105
17.0453,-0.0798655
15.9576,-0.0766295
15.0289,-0.076246
13.9078,-0.07586725
12.8818,-0.07793575
11.727,-0.080825
9.76852,-0.0894565
7.81194,-0.08624275
5.72482,-0.0867095
3.86193,-0.08512575
1.80501,-0.0839555
-0.156394,-0.08196375
-2.24687,-0.07710975
-4.72538,-0.0730815
-6.36768,-0.069439
-8.55907,-0.06621775
-10.3965,-0.06175675
-11.3313,-0.05809175
-12.2943,-0.03926475
-12.9789,0.048819
