aoa,cl
23.9611,1.01247
22.1688,1.11538
20.2162,1.18404
18.0396,1.19559
16.1185,1.22018
14.0375,1.17458
11.9883,1.10774
10.035,1.02455
7.85723,0.939725
6.03148,0.867941
4.78254,0.776527
3.94975,0.727559
1.83567,0.592061
-0.310148,0.401012
-2.23149,0.187077
-4.44208,0.0188592
-8.22142,-0.405825
