aoa,cl,cd
10.2985,1.56074,0.0
9.20895,1.57725,0.0
8.14581,1.69253,0.0
7.0676,2.08444,0.0
6.14142,2.02527,0.0
5.18534,1.92162,0.0
4.10075,1.81796,0.0
1.99394,1.62702,0.0
0.078928,1.42938,0.0
-1.96568,1.23493,0.0
-4.04229,1.0173,0.0
-6.12046,0.8078,0.0
-8.13349,0.561896,0.0
-10.0193,0.324127,0.0
-12.0995,0.091165,0.0
-14.0767,-0.888171,0.0
