aoa,cl,cd
20.2905,-0.019675,0.0
18.1733,-0.018536,0.0
16.2475,-0.025136,0.0
13.9032,-0.021559,0.0
12.136,-0.016733,0.0
9.88548,-0.018862,0.0
8.05187,-0.0222,0.0
5.76656,-0.026784,0.0
2.12652,-0.030608,0.0
-0.130178,-0.032744,0.0
-4.16415,-0.045589,0.0
-6.522,-0.051008,0.0
-8.39624,-0.052727,0.0
-10.207,-0.056491,0.0
