aoa,cd
24.1591,-0.0965775
22.045,-0.07476625
20.2842,-0.06981025
18.1721,-0.07142425
16.0921,-0.07221675
13.9802,-0.07136525
12.0607,-0.07380325
10.1735,-0.07665225
8.03046,-0.07826475
6.94315,-0.080714
5.9197,-0.0806995
4.00083,-0.0798505
2.08192,-0.0757155
-0.060514,-0.07281025
-2.13903,-0.06620975
-6.13556,-0.053424
-8.40492,-0.05051875
