aoa,cl
22.098,1.15754
18.1927,1.13543
16.4627,1.11781
12.3629,1.15442
10.0882,1.19725
8.19389,1.16496
7.03192,1.01504
6.09728,0.9287
4.06601,0.73153
2.87227,0.604384
2.09679,0.496757
0.159965,0.279876
-2.19693,0.0221585
-3.23018,-0.0871503
-3.90975,-0.194852
-6.04094,-0.40701
-8.10928,-0.642083
-10.1123,-0.836407
-12.0198,-1.04547
-14.2468,-1.16482
