aoa,cl,cd
12.2639,1.77995,0.0
10.317,1.99274,0.0
9.35891,2.06707,0.0
8.17665,2.11516,0.0
7.34463,2.02983,0.0
6.51246,1.95436,0.0
4.23898,1.75906,0.0
2.38028,1.5734,0.0
0.13578,1.37452,0.0
-1.82178,1.17379,0.0
-3.94114,0.963066,0.0
-5.83738,0.742263,0.0
-8.0242,0.501538,0.0
-9.98755,0.265575,0.0
-11.9843,0.032761,0.0
-13.8538,-0.206823,0.0
