aoa,cl
12.1946,1.68114
11.2369,1.79526
10.0875,1.93255
9.09709,2.02691
8.10899,2.23514
7.14935,2.28332
6.02664,2.21274
4.03615,2.05986
1.94647,1.84412
0.949037,1.73205
0.01559,1.62652
-2.14158,1.40881
-4.04388,1.17267
-6.07589,0.949619
-8.10974,0.718109
-10.3391,0.464891
-12.2487,0.19485
-14.3528,-0.0604703
