aoa,cl
22.4231,0.944555
20.4344,0.941245
18.3769,0.801435
17.381,0.768517
16.2811,1.49018
15.159,1.51156
14.259,1.46229
13.295,1.42287
12.2974,1.34564
11.1393,1.27662
10.0441,1.18291
8.11037,1.01021
6.0123,0.776507
3.07435,0.488264
1.87883,0.366303
-0.030599,0.127219
-1.09874,0.00183734
-3.00941,-0.222644
-4.14185,-0.325051
-6.08694,-0.554706
-7.21953,-0.6407
-8.22665,-0.782882
-10.3003,-0.958305
-12.1813,-1.1305
