aoa,cl,cd
22.199,-0.093037,0.0
20.2196,-0.064545,0.0
19.4864,-0.032746,0.0
18.1443,-0.022825,0.0
17.185,-0.022405,0.0
16.1294,-0.02281,0.0
15.3296,-0.022391,0.0
14.0492,-0.025687,0.0
13.1207,-0.026921,0.0
10.0132,-0.033515,0.0
8.09002,-0.033503,0.0
7.03157,-0.036806,0.0
6.005,-0.038868,0.0
4.97845,-0.037622,0.0
4.01526,-0.042168,0.0
1.89623,-0.042986,0.0
-0.062262,-0.033454,0.0
-6.23573,-0.02803,0.0
-8.13464,-0.025117,0.0
-10.3248,-0.025516,0.0
-12.0975,-0.027576,0.0
