aoa,cl
10.4705,1.54766
8.18722,2.25656
7.34833,2.18106
6.21807,2.06778
4.27939,1.86252
2.11503,1.6441
0.178616,1.4766
-1.88975,1.26468
-3.89505,1.04285
-5.99578,0.835794
-7.90814,0.577703
-10.0437,0.342619
-12.0826,0.117364
-14.1232,-0.127666
