aoa,cl,cd
18.9628,-0.064914,0.0
18.005,-0.063294,0.0
15.9291,-0.058423,0.0
15.227,-0.053534,0.0
14.1724,-0.050687,0.0
12.7008,-0.050702,0.0
12.1885,-0.051524,0.0
11.0032,-0.055212,0.0
9.94629,-0.05604,0.0
7.92845,-0.053611,0.0
6.03773,-0.050362,0.0
3.95349,-0.046294,0.0
1.86754,-0.043451,0.0
-0.251712,-0.039378,0.0
-3.97928,-0.028355,0.0
-5.90923,-0.023044,0.0
-7.90525,-0.019778,0.0
-10.0312,-0.014871,0.0
