aoa,cl
16.1514,0.667228
14.0975,0.696437
12.2674,0.711005
9.95449,0.725555
8.92652,0.797235
8.02627,0.774373
6.03214,0.743298
3.93918,0.615931
2.93888,0.429785
1.9386,0.29089
-0.062012,0.114212
-2.29003,-0.0544762
-6.461,-0.377518
-8.30635,-0.52527
-10.2821,-0.656778
