aoa,cd
23.9343,-0.11521925
21.9793,-0.09849725
20.184,-0.0932345
18.0046,-0.0453825
16.2092,-0.01799173
14.0273,-0.01846505
12.1978,-0.0234354
10.0146,-0.027598
7.99141,-0.0325765
6.03201,-0.03427525
1.95044,-0.04916
0.086153,-0.04552725
-2.06833,-0.048465
-3.93376,-0.04811275
-6.15348,-0.0461305
-8.18064,-0.0425005
-10.1763,-0.04174125
-12.1406,-0.0467265
-14.1696,-0.04761025
-16.1653,-0.02180948
-18.1608,0.01179705
-20.1254,0.03227275
-22.2856,0.02811075
-24.2504,0.059271
