aoa,cd
14.1263,-0.26546
13.072,-0.2508725
12.2079,-0.2545775
11.1838,-0.255445
10.2237,-0.2546825
9.03907,-0.2543375
8.04627,-0.2543875
7.1174,-0.253215
5.09833,-0.256985
3.17513,-0.2501625
1.25102,-0.2425215
-2.95399,-0.2386585
-4.75262,-0.2305945
-7.00203,-0.2184695
-8.70574,-0.20100825
-10.8929,-0.178662
-12.8559,-0.15588425
