aoa,cl,cd
22.3412,-0.144022,0.0
20.5124,-0.139703,0.0
18.5885,-0.081521,0.0
17.3359,-0.082035,0.0
16.4061,-0.031489,0.0
15.3776,-0.036878,0.0
14.3811,-0.036548,0.0
12.3231,-0.03957,0.0
10.4249,-0.042989,0.0
8.23612,-0.044389,0.0
6.27169,-0.043728,0.0
4.24189,-0.040619,0.0
2.37221,-0.040767,0.0
0.08231,-0.038494,0.0
-4.01694,-0.029812,0.0
-5.82587,-0.029134,0.0
-8.08817,-0.028081,0.0
-9.83424,-0.026168,0.0
-10.9987,-0.025848,0.0
-12.0665,-0.012409,0.0
-13.9441,0.089926,0.0
