aoa,cd
14.3454,-0.11756575
12.1714,-0.09102725
11.4413,-0.06568625
10.3575,-0.04157275
9.3287,-0.04362425
8.1077,-0.042815
6.43743,-0.037917
4.12047,-0.039159
2.31798,-0.0379425
0.06439,-0.033861
-1.70814,-0.03264175
-3.90065,-0.03019475
-5.99682,-0.02528625
-8.00101,-0.029395
