aoa,cl
14.3732,2.33952
13.2305,2.45621
12.245,2.53684
11.3198,2.56505
10.2282,2.49996
9.10547,2.45615
8.23432,2.35322
6.10747,2.16374
4.10701,1.97894
2.16454,1.73646
0.221841,1.51837
-1.98084,1.29023
-3.9933,1.05687
-6.07262,0.819975
-8.1533,0.594353
-10.1111,0.32064
-12.33,0.0416552
-14.3553,-0.211211
