aoa,cl,cd
10.158,2.00725,0.0
9.16637,2.29305,0.0
8.23464,2.28317,0.0
7.10924,2.20267,0.0
6.01506,2.05483,0.0
4.11724,1.83968,0.0
2.18758,1.618,0.0
-0.030888,1.37667,0.0
-1.92763,1.15836,0.0
-3.95297,0.897417,0.0
-5.97803,0.626682,0.0
-8.00292,0.339591,0.0
-10.2836,0.075549,0.0
-12.1157,-0.240971,0.0
