aoa,cl
10.2797,2.18107
9.23544,2.42731
8.36553,2.36862
7.30178,2.29194
6.62202,2.19544
4.55312,1.95836
2.58185,1.75723
0.189397,1.51186
-1.75345,1.26956
-4.01854,1.0338
-5.93128,0.77657
-7.77943,0.534024
-9.66224,0.250411
-11.9323,-0.0267176
-13.8497,-0.338367
