aoa,cl
12.2639,1.77995
10.317,1.99274
9.35891,2.06707
8.17665,2.11516
7.34463,2.02983
6.51246,1.95436
4.23898,1.75906
2.38028,1.5734
0.13578,1.37452
-1.82178,1.17379
-3.94114,0.963066
-5.83738,0.742263
-8.0242,0.501538
-9.98755,0.265575
-11.9843,0.0327608
-13.8538,-0.206823
