aoa,cl,cd
18.1559,-0.093714,0.0
17.2947,-0.078902,0.0
16.1141,-0.05956,0.0
15.1247,-0.042271,0.0
14.295,-0.019217,0.0
13.1453,-0.010153,0.0
13.3051,-0.008507,0.0
12.0592,-0.00191,0.0
11.1004,-0.000668,0.0
10.1734,0.000987,0.0
8.06261,0.000181,0.0
6.17477,0.002256,0.0
4.12577,0.001449,0.0
2.26796,0.002289,0.0
-1.80333,0.001498,0.0
-3.88879,0.000689,0.0
-5.75059,0.001117,0.0
-7.9346,0.000722,0.0
