aoa,cl
10.0788,1.57438
9.14608,1.61858
8.05485,2.28485
7.05767,2.21811
6.02785,2.13013
4.77221,2.02091
3.87025,1.9312
1.80737,1.72392
0.968465,1.60793
0.097368,1.52298
-1.90412,1.32517
-3.97257,1.07972
-6.13919,0.86682
-8.14681,0.622574
-10.285,0.402719
-12.2317,0.156403
-14.2453,-0.109862
-14.4864,-0.631165
