aoa,cl,cd
11.4001,0.780779,0.0
10.0874,0.795579,0.0
9.15973,0.825135,0.0
8.16677,0.831726,0.0
7.26398,0.718547,0.0
6.04131,0.618493,0.0
4.97909,0.524991,0.0
4.0769,0.428197,0.00685308
3.17408,0.31991,0.00639713
2.07846,0.203413,0.00604773
1.04711,0.091829,0.00391406
0.049664,0.019622,0.0039318
-0.727157,-0.12972,0.00494207
-2.01526,-0.241332,0.00635016
-2.91776,-0.334894,0.00677586
-4.01396,-0.453085,0.0075959
-4.81988,-0.53681,0.0
