aoa,cl
8.23665,1.68932
7.34429,1.76296
6.45193,1.83824
5.23273,1.85165
4.3608,1.80133
3.39124,1.74122
2.45135,1.65823
1.34915,1.56381
0.149227,1.46283
-1.76944,1.2606
-3.85364,1.03203
-5.80807,0.832669
-8.05842,0.598748
-9.7617,0.366175
-11.2622,0.233432
-12.0888,-0.565879
