aoa,cl
24.6617,1.26457
22.1661,1.24062
20.4089,1.28984
18.3612,1.30818
16.2813,1.3412
14.2293,1.31063
12.3357,1.25881
10.0548,1.16789
7.09618,1.01666
5.93664,0.925462
5.00099,0.819527
4.25776,0.710289
2.09652,0.490229
-0.938568,0.137965
-2.00734,-0.0594554
-4.0061,-0.191585
-6.16981,-0.411906
-10.4031,-0.864173
-14.3081,-1.07829
