aoa,cl
16.2681,1.1141
15.336,1.38729
14.6265,1.42984
14.2717,1.44948
13.497,1.44786
12.3335,1.36939
10.3606,1.17805
8.1919,0.904836
6.21716,0.677359
4.33883,0.453087
3.04407,0.345022
2.23385,0.2353
1.16473,0.115735
0.128017,0.00761834
-0.941549,-0.116899
-1.91396,-0.226688
-2.78969,-0.344686
-4.05362,-0.462708
-6.1292,-0.695524
-8.10825,-0.92349
-10.1522,-1.13512
-12.0016,-1.314
