aoa,cd
18.0717,-0.10812975
17.1689,-0.09962475
16.3303,-0.09762325
14.8786,-0.09320475
14.0397,-0.090796
13.1039,-0.09001775
12.2005,-0.0827295
11.0062,-0.0844015
9.77961,-0.08119275
8.64966,-0.0836765
7.19674,-0.08210325
5.67905,-0.08582275
3.45053,-0.08224375
1.83531,-0.078641
0.025879,-0.07260225
-2.20402,-0.0682065
-4.40217,-0.062994
-6.31004,-0.0545115
-8.28238,-0.0566195
-10.1264,-0.0485395
