aoa,cl,cd
16.75,-0.08866,0.0
15.4919,-0.086674,0.0
14.6531,-0.082637,0.0
13.6851,-0.08064,0.0
12.6846,-0.08027,0.0
11.1998,-0.085615,0.0
10.2315,-0.087279,0.0
9.39218,-0.084869,0.0
8.48823,-0.084089,0.0
7.2613,-0.089832,0.0
5.4207,-0.086646,0.0
3.38593,-0.082653,0.0
1.44762,-0.077841,0.0
-0.749554,-0.075074,0.0
-2.62419,-0.067815,0.0
-4.69305,-0.064226,0.0
-6.66531,-0.061448,0.0
-8.63819,-0.055411,0.0
-10.5793,-0.046926,0.0
