cl,cm
0.766856,0.0052871
0.45357,0.0051449
0.234091,0.00545433
0.026023,0.0053598
-0.196437,0.00444108
-0.194823,0.004033
-0.415557,0.00475045
-0.620053,0.00179748
