aoa,cd
17.5877,-0.08091275
16.6899,-0.063004
15.8224,-0.05426
14.1535,-0.0259325
13.1871,-0.026771
10.1587,-0.02803675
7.90337,-0.0263805
6.00199,-0.02472215
3.80876,-0.029737
1.97144,-0.025576
-4.19105,-0.02769225
-5.9977,-0.0226945
-8.35496,-0.0252095
-10.3248,-0.02480185
