aoa,cl,cd
17.1313,-0.120264,0.0
16.1124,-0.097849,0.0
14.1006,-0.073413,0.0
13.0756,-0.071806,0.0
12.0498,-0.072241,0.0
10.9593,-0.073903,0.0
10.1559,-0.080051,0.0
8.35841,-0.082959,0.0
5.85339,-0.086297,0.0
3.86247,-0.083082,0.0
1.80523,-0.083138,0.0
-0.059767,-0.081552,0.0
-2.05373,-0.077105,0.0
-4.01662,-0.072654,0.0
-6.07751,-0.069022,0.0
-8.2041,-0.06539,0.0
-10.3644,-0.062166,0.0
