aoa,cl
10.3668,1.92012
9.37383,2.03112
8.95955,2.10944
8.29953,2.3704
7.52172,2.3298
6.47958,2.20446
5.43942,2.11008
4.36601,2.00428
2.60695,1.79908
0.42405,1.54822
-1.62984,1.30216
-3.84676,1.04626
-5.90289,0.785363
-7.79841,0.514595
-9.88904,0.238864
-11.9173,-0.0646927
-11.9826,-0.0712219
-12.8343,-0.213236
