aoa,cl
14.1765,0.856839
13.761,0.883004
13.3798,1.43286
12.0688,1.39397
11.013,1.31586
10.2766,1.20666
9.28425,1.13012
8.32341,1.03395
6.27265,0.835011
4.22028,0.613057
3.12954,0.513468
2.00626,0.405672
1.2675,0.299446
0.079078,0.168679
-0.917025,0.0574838
-2.10606,-0.050472
-2.71753,-0.160114
-4.06794,-0.269784
-6.09539,-0.485971
-7.9956,-0.702303
-10.1224,-0.922074
