aoa,cl,cd
15.3467,1.07301,0.0
14.3874,1.1514,0.0
13.1739,1.19718,0.0
12.2807,1.20049,0.0
10.4975,1.11402,0.0
9.38349,1.04056,0.0
7.28155,0.909906,0.01722952
6.51967,0.80044,0.01462572
5.2448,0.726899,0.01339198
4.22653,0.625559,0.01185566
2.38033,0.442439,0.01065996
0.054361,0.239593,0.01049031
-2.14503,0.043197,0.01085728
-3.89611,-0.171213,0.01259564
-8.27128,-0.490847,0.0
