aoa,cl
22.4212,0.994145
20.5427,1.04301
18.5364,1.10006
16.434,1.20462
14.2679,1.20104
12.4202,1.1467
10.2536,1.06116
8.21417,0.967433
6.07895,0.824496
5.18661,0.74239
4.29419,0.663558
3.4018,0.565047
1.90344,0.456586
1.10662,0.346599
0.086403,0.249681
-0.965738,0.141271
-2.0499,0.0394052
-3.00649,-0.0722828
-4.21846,-0.175832
-6.25983,-0.3714
-8.07818,-0.550551
-10.3758,-0.706875
-11.2375,-0.764479
-12.0679,-0.741708
-13.186,-0.676351
-14.5279,-0.581507
