aoa,cl,cd
12.3471,1.64696,0.0
10.247,1.82133,0.0
8.31663,2.15153,0.0
7.36028,2.21416,0.0
6.23266,2.12104,0.0
4.29555,1.92472,0.0
2.25939,1.71672,0.0
0.2189,1.47892,0.0
-1.98285,1.26391,0.0
-3.96291,1.03382,0.0
-5.97847,0.788665,0.0
-8.02661,0.56632,0.0
-10.048,0.304141,0.0
-12.2655,0.040007,0.0
-14.2602,-0.234338,0.0
