aoa,cl,cd
11.6116,-0.307403,0.0
10.417,-0.320995,0.0
9.54547,-0.319818,0.0
8.44763,-0.322343,0.0
7.80163,-0.32648,0.0
6.44505,-0.327793,0.0
5.3467,-0.32622,0.0
4.34494,-0.32751,0.0
2.30875,-0.323943,0.0
0.563023,-0.315435,0.0
-1.63636,-0.30982,0.0
-3.35101,-0.299663,0.0
-5.42222,-0.28583,0.0
-7.39719,-0.274448,0.0
-9.3725,-0.253205,0.0
-11.2188,-0.229076,0.0
-13.2603,-0.205357,0.0
-15.107,-0.162724,0.0
