aoa,cd
11.658,-0.121788
10.5376,-0.1181045
9.51503,-0.10498825
8.81623,-0.074235
7.70084,-0.043481
7.19604,-0.00328948
6.10713,-9.8e-06
4.15186,-0.00124291
2.06796,-0.00288663
-2.09981,-0.00043076
-4.24774,0.00408008
-7.13457,0.00530795
-8.41285,0.0315725
-9.33473,0.076309
-10.676,0.109969
-11.6693,0.11818175
-12.6943,0.12926875
