aoa,cl,cd
16.0274,-0.234678,0.0
15.1913,-0.234667,0.0
14.033,-0.239944,0.0
12.8715,-0.285518,0.0
11.9373,-0.304633,0.0
10.9723,-0.30869,0.0
9.84675,-0.309083,0.0
8.75347,-0.307848,0.0
7.91691,-0.31394,0.0
6.92035,-0.309045,0.0
5.76259,-0.309843,0.0
3.9301,-0.300865,0.0
1.74344,-0.297175,0.0
-0.314101,-0.283715,0.0
-2.27522,-0.269038,0.0
-4.26871,-0.255578,0.0
-6.29428,-0.237231,0.0
-8.25564,-0.217662,0.0
-10.1847,-0.189542,0.0
-12.2107,-0.16834,0.0
