aoa,cl
9.0367,1.53558
8.19455,1.62555
6.95959,2.01016
5.86218,1.90691
4.92666,1.79878
4.15264,1.70378
1.86199,1.50557
0.056606,1.3091
-2.07105,1.10941
-4.10109,0.908152
-6.25917,0.688976
-8.28661,0.429017
-10.4108,0.206738
-12.1798,-0.00729737
-14.1407,-0.268631
