cl,cd
0.628733,0.0159402
0.413033,0.0106175
0.1855,0.00923222
-0.029306,0.00873352
-0.245817,0.00920273
-0.48652,0.0111145
-0.695531,0.0163226
