aoa,cl,cd
20.1941,-0.109908,0.0
19.042,-0.094374,0.0
18.0812,-0.07513,0.0
16.9612,-0.065749,0.0
16.0017,-0.064984,0.0
14.8812,-0.053137,0.0
13.8573,-0.049088,0.0
12.929,-0.042569,0.0
12.001,-0.040568,0.0
10.8493,-0.041866,0.0
9.82546,-0.043568,0.0
7.93705,-0.041211,0.0
5.63231,-0.040521,0.0
3.87175,-0.043088,0.0
1.79003,-0.039508,0.0
0.187773,-0.030967,0.0
-2.79166,-0.027847,0.0
-4.10574,-0.02381,0.0
-6.28511,-0.021054,0.0
-8.14458,-0.016635,0.0
-10.2924,-0.016345,0.0
