cl,cm
0.880936,-0.02957
0.761678,-0.037085
0.682622,-0.03432375
0.469612,-0.03377925
0.253248,-0.03610425
0.010886,-0.04092125
-0.199343,-0.040784
