aoa,cl
16.6663,0.793435
14.6849,0.8408
12.3821,0.925874
11.4865,0.938934
10.4628,0.95199
9.47131,0.935532
8.4804,0.879708
7.29825,0.774655
6.27636,0.651559
4.23021,0.49717
3.27245,0.354358
2.18584,0.237757
0.202648,0.0799887
-2.57711,-0.299415
-3.82448,-0.430898
-5.80752,-0.652791
-8.17698,-0.850244
-8.91313,-0.927544
