aoa,cl,cd
16.4383,-0.030262,0.0
15.4099,-0.029934,0.0
14.51,-0.029187,0.0
13.2882,-0.030099,0.0
12.2267,-0.037127,0.0
10.5859,-0.039299,0.0
8.36497,-0.041927,0.0
6.43279,-0.041671,0.0
4.2419,-0.04021,0.0
2.33998,-0.039951,0.0
0.146901,-0.033988,0.0
-3.85556,-0.038804,0.0
