aoa,cl,cd
10.3001,1.63324,0.0
9.25078,1.7535,0.0
8.23803,1.92311,0.0
7.85756,1.9791,0.0
7.2873,2.06803,0.0
6.2513,1.98271,0.0
5.14925,1.8793,0.0
4.40285,1.80048,0.0
2.26132,1.58206,0.0
1.25562,1.48351,0.0
0.185479,1.38496,0.0
-1.89243,1.17135,0.0
-3.90502,0.974135,0.0
-5.91952,0.762052,0.0
-7.99953,0.543334,0.0
-10.0829,0.294909,0.0
-12.0983,0.090887,0.0
-13.0809,-0.083643,0.0
