aoa,cd
7.70845,-0.357805
7.06499,-0.267555
6.00663,-0.24264625
5.0449,-0.23611625
4.14733,-0.23244475
3.1536,-0.22999925
2.1921,-0.23368075
0.909788,-0.2304195
0.877732,-0.23041975
0.076389,-0.232058
-0.853335,-0.2300205
-3.0333,-0.230032
-4.89318,-0.22064575
-7.10585,-0.212486
-10.8911,-0.18104325
-12.7517,-0.16920175
