aoa,cl
7.32538,1.69361
7.03533,1.74094
6.32699,1.77035
4.2337,1.85859
2.49661,1.70198
1.53187,1.58288
0.212987,1.454
-1.78087,1.20762
-3.71101,1.0102
-5.80234,0.81276
-7.79679,0.592468
-9.66233,0.367279
-11.3911,-0.316171
