aoa,cl,cd
17.9875,-0.071193,0.0
16.0654,-0.056402,0.0
14.4632,-0.030158,0.0
10.9377,-0.026357,0.0
9.84758,-0.030005,0.0
7.82726,-0.027072,0.0
5.87057,-0.021683,0.0
3.97738,-0.021618,0.0
1.89109,-0.0195,0.0
0.125291,-0.016982,0.0
-1.48054,-0.018156,0.0
-2.18698,-0.013625,0.0
-6.33177,-0.007744,0.0
-8.29251,-0.003986,0.0
-10.286,-0.000636,0.0
-11.1865,0.001036,0.0
-12.1193,0.001479,0.0
-13.2757,0.02243,0.0
-14.1762,0.027384,0.0
-15.1409,0.0348,0.0
-16.1378,0.043039,0.0
