aoa,cl
14.4315,2.14088
12.3234,2.38687
11.2684,2.42952
10.3731,2.46069
9.44518,2.42461
8.22907,2.36884
7.23659,2.29009
6.27585,2.19165
4.1301,2.00622
2.30397,1.81583
1.11847,1.70256
0.029051,1.61061
-1.76602,1.39552
-3.91398,1.16068
-5.806,0.934003
-8.0193,0.649795
-9.91224,0.404964
-12.158,0.20273
-14.2122,-0.0438631
-14.116,-0.0471331
-16.2028,-0.32827
