aoa,cl,cd
13.5732,2.43023,0.0
12.4518,2.54799,0.0
11.3899,2.58557,0.0
10.4195,2.53805,0.0
9.28842,2.4987,0.0
8.47665,2.40536,0.0
7.18249,2.3349,0.0
6.37054,2.23666,0.0
4.2635,2.04835,0.0
2.28514,1.85025,0.0
1.28033,1.75857,0.0
0.145334,1.64398,0.0
-1.86504,1.44102,0.0
-3.87651,1.21193,0.0
-6.01625,0.991035,0.0
-7.99615,0.735867,0.0
-10.008,0.479109,0.0
-11.8903,0.22568,0.0
-14.0628,-0.032636,0.0
-16.1389,-0.310484,0.0
