cl,cd
0.631901,0.0194456
0.433206,0.0116167
0.217915,0.00956681
0.008697,0.00888824
-0.200956,0.00946405
-0.414227,0.0112758
-0.626208,0.0200664
