aoa,cl
24.2879,1.53551
22.3034,1.51416
20.3505,1.53555
18.2384,1.51091
16.255,1.46326
14.0482,1.3926
12.3538,1.31209
10.9468,1.26609
10.1479,1.21351
8.07042,1.10837
6.0899,0.955585
4.90788,0.87674
3.82241,0.766677
1.87543,0.551495
-0.166723,0.30677
-2.11286,0.0702845
-3.13382,-0.0463021
-4.21844,-0.174377
-6.26063,-0.373019
-8.23782,-0.619271
