aoa,cl,cd
19.421,-0.089322,0.0
19.4214,-0.083202,0.0
18.6542,-0.088113,0.0
17.5364,-0.079156,0.0
16.3542,-0.07428,0.0
15.2675,-0.073075,0.0
13.3813,-0.072293,0.0
12.5176,-0.078023,0.0
10.4387,-0.078878,0.0
9.2872,-0.076857,0.0
7.23939,-0.078119,0.0
5.35103,-0.079788,0.0
3.36645,-0.077373,0.0
1.38148,-0.073324,0.0
-0.604121,-0.070909,0.0
-2.71821,-0.066043,0.0
-4.67262,-0.061173,0.0
-6.6917,-0.05712,0.0
-8.58304,-0.053064,0.0
-10.8599,-0.051058,0.0
