aoa,cl,cd
18.0394,-0.07591,0.0
15.987,-0.035925,0.0
14.8624,-0.023845,0.0
12.0601,-0.02511,0.0
10.0951,-0.023868,0.0
7.93552,-0.026797,0.0
6.03462,-0.022637,0.0
3.87433,-0.023899,0.0
2.03594,-0.025576,0.0
-0.028647,-0.027254,0.0
-1.9315,-0.023927,0.0
-4.1584,-0.025606,0.0
-5.90137,-0.025615,0.0
-8.03265,-0.028546,0.0
-12.2589,-0.001436,0.0
-13.3239,0.005239,0.0
-13.9667,0.025693,0.0
-15.9006,0.056588,0.0
