aoa,cl
26.4085,1.13878
24.4459,1.18341
22.3859,1.21821
20.3577,1.24808
18.3599,1.24837
16.3323,1.29631
14.464,1.31466
12.3057,1.33634
10.398,1.22979
8.26266,1.08874
6.22291,0.929597
4.01933,0.724444
2.1689,0.492937
-0.03648,0.258177
-1.91984,0.0167945
-4.18912,-0.203186
-6.10479,-0.442941
-8.34203,-0.662947
-10.094,-0.853428
-12.2339,-1.05867
-14.3376,-1.18832
-16.2059,-1.13226
-18.2363,-1.08933
-20.2653,-1.01352
