aoa,cl
11.2373,1.41809
10.4056,1.59107
9.18555,1.68008
8.35146,1.76577
7.19449,1.81196
6.77649,1.82187
6.39062,1.83013
5.23044,1.76927
4.39076,1.66721
3.26153,1.57175
2.42152,1.46472
0.097955,1.2688
-1.87207,1.06952
-4.06787,0.871859
-5.94255,0.659305
-7.91502,0.423627
-9.95243,0.186248
-12.3763,-0.0313882
