aoa,cl,cd
22.2323,-0.079578,0.0
21.3359,-0.086991,0.0
20.1834,-0.087058,0.0
19.0631,-0.07117,0.0
17.2382,-0.038543,0.0
16.0528,-0.037788,0.0
15.0595,-0.031703,0.0
14.1944,-0.021517,0.0
13.2006,-0.019931,0.0
11.7897,-0.019594,0.0
11.1163,-0.017173,0.0
10.2503,-0.01517,0.0
7.9721,-0.014058,0.0
6.07821,-0.012925,0.0
4.02304,-0.010572,0.0
2.09561,-0.006571,0.0
-2.05083,0.002649,0.0
-4.10927,0.006238,0.0
-5.97551,0.007377,0.0
-8.13213,0.011373,0.0
-9.9676,0.014156,0.0
