aoa,cl
24.4508,1.2705
22.4582,1.35787
20.3639,1.35982
18.4316,1.37982
16.3695,1.38669
14.3406,1.41493
12.2763,1.38894
10.2061,1.25775
8.19962,1.11505
6.22264,0.924667
3.92261,0.724457
2.07199,0.489662
0.060437,0.261453
-1.952,0.0184419
-4.22251,-0.224549
