aoa,cl,cd
13.5299,-0.118041,0.0
12.56,-0.112683,0.0
11.7193,-0.099519,0.0
10.7172,-0.08923,0.0
9.74728,-0.069082,0.0
8.84198,-0.04606,0.0
8.09814,-0.018522,0.0
7.19312,0.000387,0.0
6.09509,-0.001659,0.0
4.12537,-0.000411,0.0
1.96257,0.000838,0.0
-1.97396,0.004563,0.0
-4.19921,0.002937,0.0
-6.13367,0.002951,0.0
-7.03674,0.014861,0.0
-7.90832,0.046062,0.0
-8.71521,0.073565,0.0
-9.52193,0.098604,0.0
-10.5857,0.110507,0.0
-11.4237,0.117483,0.0
-12.4227,0.127742,0.0
-13.2924,0.128151,0.0
