aoa,cl,cd
9.05242,1.73832,0.0
8.2201,1.87346,0.0
7.2599,1.99887,0.0
6.17261,1.98286,0.0
4.34998,1.77338,0.0
2.07745,1.56055,0.0
0.18745,1.36213,0.0
-2.21729,1.1033,0.0
-3.88604,0.89471,0.0
-6.1665,0.650083,0.0
-8.09551,0.405216,0.0
-9.96194,0.143795,0.0
-12.12,-0.15222,0.0
