aoa,cl
24.7155,1.10731
22.3709,1.07328
20.479,1.2069
18.2666,1.39104
17.4003,1.43996
16.6628,1.50352
15.2846,1.67952
14.0955,1.64215
12.3591,1.53967
10.0757,1.36557
8.306,1.17029
6.05453,0.965281
4.09231,0.757018
2.90193,0.608957
1.93725,0.524372
0.972217,0.407238
0.103752,0.303125
-0.346524,0.251071
-0.98967,0.184383
-0.957568,0.182754
-2.1472,0.0721603
-4.07681,-0.166931
-6.1025,-0.401109
-7.93512,-0.619003
-10.0566,-0.836863
-12.0807,-0.945749
