aoa,cl
12.3784,2.01488
11.5456,2.094
10.2635,2.18461
9.1454,2.39082
8.37329,2.34446
7.27911,2.26174
6.21696,2.17079
4.41257,1.93284
2.288,1.70318
0.035147,1.45047
-1.8631,1.23747
-3.92271,0.961861
-5.72415,0.727576
-7.91026,0.470253
-10.0317,0.204782
-11.9287,-0.082
-13.9207,-0.345637
