aoa,cl,cd
22.607,0.863761,0.0
21.5153,0.799862,0.0
20.558,1.16417,0.0
18.5358,1.17589,0.0
16.3515,1.16629,0.0
14.5837,1.13858,0.0
12.4609,1.07804,0.0
10.5618,0.994457,0.0
8.33971,0.894424,0.0
6.53476,0.774585,0.0
4.30981,0.634983,0.01471808
3.37394,0.55117,0.01311321
2.40546,0.457471,0.01205165
1.33998,0.362107,0.01162411
0.144938,0.250268,0.01122051
-0.759793,0.156496,0.0112596
-1.66493,0.04954,0.01166817
-3.73417,-0.167749,0.01314382
-4.60735,-0.253382,0.01383712
