aoa,cl,cd
13.1921,0.743005,0.0
12.4246,0.769269,0.0
11.3051,0.802107,0.0
10.313,0.82182,0.0
8.99937,0.821858,0.0
8.03723,0.803839,0.0
7.19973,0.715268,0.0
6.07271,0.605367,0.0
4.88294,0.524992,0.0
4.20439,0.413428,0.0
3.14178,0.314988,0.01179938
2.14161,0.183722,0.00906411
1.11051,0.07706,0.0086372
-0.791607,-0.136285,0.00895993
-1.98327,-0.242972,0.00978276
-3.04684,-0.351308,0.01267826
-4.01491,-0.47278,0.01693638
-4.91755,-0.566356,0.0
