aoa,cl,cd
22.2904,-0.127612,0.0
21.178,-0.124389,0.0
20.097,-0.122802,0.0
19.1753,-0.116291,0.0
17.9666,-0.11348,0.0
17.0119,-0.114754,0.0
15.9935,-0.113572,0.0
15.1659,-0.112382,0.0
13.9241,-0.11326,0.0
11.8537,-0.114587,0.0
9.7825,-0.113864,0.0
7.74238,-0.112319,0.0
5.73216,-0.128413,0.0
3.72244,-0.124407,0.0
1.74372,-0.121219,0.0
-0.363555,-0.117214,0.0
-2.18428,-0.114425,0.0
-4.06943,-0.105478,0.0
-6.17932,-0.099002,0.0
-8.03431,-0.093744,0.0
-12.0988,-0.086115,0.0
