aoa,cl,cd
14.2064,-0.230253,0.0
12.987,-0.294365,0.0
11.8326,-0.29194,0.0
10.6776,-0.303983,0.0
9.61874,-0.311888,0.0
8.72019,-0.316068,0.0
6.60177,-0.31865,0.0
4.61108,-0.318335,0.0
2.49118,-0.318438,0.0
1.4633,-0.31104,0.0
-1.49353,-0.310353,0.0
-3.42253,-0.30465,0.0
-5.38382,-0.2857,0.0
-7.02402,-0.269213,0.0
-9.30793,-0.241981,0.0
-11.6253,-0.225097,0.0
-13.5888,-0.200736,0.0
-15.3593,-0.170977,0.0
