aoa,cl,cd
15.4495,-0.088546,0.0
14.4515,-0.093035,0.0
13.2922,-0.092229,0.0
11.2951,-0.086948,0.0
10.6185,-0.082064,0.0
9.58771,-0.082072,0.0
8.33135,-0.085341,0.0
7.26805,-0.084534,0.0
5.46339,-0.081695,0.0
3.40054,-0.077635,0.0
1.62735,-0.069902,0.0
-0.500647,-0.067471,0.0
-2.59694,-0.060147,0.0
-4.56456,-0.054043,0.0
-6.50033,-0.045492,0.0
-8.5331,-0.041833,0.0
-10.3082,-0.032055,0.0
