aoa,cd
16.0388,-0.152412
14.7874,-0.140898
14.1146,-0.1129005
13.0252,-0.064721
12.0619,-0.064319
11.0341,-0.06803725
9.94211,-0.06846075
8.07901,-0.0705405
5.86221,-0.07303625
3.87002,-0.07388175
1.87768,-0.07019425
-0.404445,-0.0702185
-2.52614,-0.0673555
-6.44896,-0.05873925
