cl,cm
0.679824,-0.031275
0.467848,-0.03051775
0.26215,-0.0301695
0.041837,-0.0290025
-0.16899,-0.02947825
