cl,cd
0.760813,0.0203667
0.564813,0.0111365
0.349057,0.0087348
0.128695,0.00842287
-0.091602,0.00949452
-0.303439,0.0142426
