aoa,cd
13.5612,-0.148785
13.0272,-0.044897
11.807,-0.046595
10.9721,-0.04867975
9.94376,-0.0479215
9.01247,-0.05164325
7.88712,-0.05048275
6.76125,-0.0480985
5.82826,-0.046519
3.89802,-0.046626
1.83805,-0.045924
-0.223006,-0.0444055
-2.22096,-0.0408415
-4.15532,-0.0372725
-6.37943,-0.039844
-7.25048,-0.03866625
-8.28283,-0.038314
-9.10326,0.02619625
-10.0115,0.04740275
-10.9508,0.062482
-11.8255,0.07634125
-13.0863,0.08242025
