aoa,cd
20.4263,-0.047593
18.4138,-0.045043
15.3018,-0.031731
14.2662,-0.02179785
10.1839,-0.02454895
8.01408,-0.03189275
6.04109,-0.03223675
4.06827,-0.03793325
1.96812,-0.0403285
-0.324434,-0.04353825
-2.16348,-0.04470575
-4.35526,-0.0421585
-8.47972,-0.0514615
