aoa,cl
16.2061,0.844993
15.2383,0.896186
14.1077,0.919259
13.1395,0.9655
12.1049,0.970392
10.876,0.970308
10.1328,0.988453
9.25982,0.996665
8.09287,0.932071
6.24153,0.735084
4.1954,0.523181
1.20667,0.200346
0.199049,0.0778403
-3.92596,-0.331178
-8.01688,-0.672435
