aoa,cl
18.4763,1.35017
16.188,1.31529
15.2989,1.5756
14.2982,1.53563
13.3272,1.44394
12.2605,1.3756
10.4465,1.18384
8.34189,0.985391
6.36556,0.778568
4.16309,0.568387
3.12523,0.441592
2.25012,0.348161
1.21216,0.221354
-0.018209,0.121235
-1.0242,-0.00892501
-2.87261,-0.215865
-4.07163,-0.329365
-5.01241,-0.439525
-5.79135,-0.538005
-7.93168,-0.765043
-9.87742,-0.965399
-12.2112,-1.17249
