aoa,cl,cd
16.0392,-0.095322,0.0
15.0417,-0.102285,0.0
14.0447,-0.080144,0.0
13.113,-0.008402,0.0
12.2122,-0.005528,0.0
11.1504,-0.005931,0.0
10.185,-0.009205,0.0
8.06143,-0.009193,0.0
6.13093,-0.005492,0.0
3.97518,-0.00138,0.0
2.07679,0.001501,0.0
-1.75248,-0.002576,0.0
-3.97276,-0.000513,0.0
-5.93548,0.007697,0.0
-8.15579,0.01099,0.0
-10.0544,0.013461,0.0
