aoa,cl
24.3332,1.31921
20.3905,1.48576
18.5641,1.51049
16.3213,1.50108
15.36,1.48658
14.2705,1.4623
12.252,1.38761
10.2665,1.26391
9.27452,1.17591
8.18662,1.0683
7.12945,0.97859
6.26542,0.880671
5.43286,0.790882
4.66255,0.736994
2.13068,0.454283
0.623078,0.285818
0.077344,0.228545
0.045148,0.226907
-0.371911,0.176175
-0.917878,0.118876
-2.94327,-0.0744294
-4.13211,-0.217
-4.99905,-0.339931
-6.09353,-0.449863
-7.12368,-0.561468
-8.15436,-0.671484
-10.1859,-0.868708
