aoa,cl,cd
16.341,2.1315,0.0
14.2199,2.22458,0.0
13.3574,2.82709,0.0
12.3275,2.754,0.0
11.201,2.67441,0.0
10.2027,2.56222,0.0
9.2044,2.46141,0.0
8.14171,2.37362,0.0
6.27292,2.154,0.0
4.21059,1.94412,0.0
2.21197,1.72277,0.0
0.019362,1.48508,0.0
-1.91608,1.25219,0.0
-3.94891,1.00132,0.0
-6.11106,0.769939,0.0
-8.04831,0.520549,0.0
-10.0835,0.209119,0.0
-12.1195,-0.11545,0.0
