aoa,cl,cd
8.45312,2.01179,0.0
7.48858,2.09746,0.0
7.10645,2.38022,0.0
6.52649,2.36065,0.0
5.39742,2.24753,0.0
4.36502,2.15572,0.0
2.42788,1.93911,0.0
1.3296,1.80612,0.0
0.328434,1.71585,0.0
-1.54654,1.47105,0.0
-3.77791,1.20314,0.0
-5.65466,0.967969,0.0
-7.85562,0.724475,0.0
-9.76711,0.457781,0.0
-12.0358,0.162951,0.0
-13.7552,-0.108951,0.0
-15.9942,-0.432107,0.0
