aoa,cl
20.2666,0.720695
19.4041,1.10061
18.2545,1.13664
17.2643,1.14482
16.3698,1.14645
14.1012,1.04975
12.1833,0.95629
10.0089,0.844761
8.12166,0.721727
5.97789,0.557642
4.05747,0.396796
1.88017,0.235872
-0.041575,0.0749178
-0.906488,-0.01377
-2.28457,-0.0779266
-4.17556,-0.247189
-6.19555,-0.401755
-8.11997,-0.554717
-10.3661,-0.69958
