aoa,cl
11.2593,2.41917
10.2645,2.5793
9.20557,2.73946
8.05394,2.71681
7.25472,2.6647
6.07149,2.59796
5.08057,2.50668
4.21751,2.41862
2.04283,2.21966
0.603541,2.06791
0.09142,2.0304
-1.89193,1.78876
-3.97259,1.56502
-5.92565,1.333
-7.94354,1.09271
-10.1547,0.839244
-12.0776,0.570931
-14.1299,0.31233
-16.0854,-0.0413477
