aoa,cd
24.2331,-0.09806
22.3103,-0.07822925
20.3905,-0.07914425
18.4662,-0.0662135
16.2532,-0.05980525
14.2628,-0.05297275
12.0785,-0.04859025
10.2127,-0.039294
8.05786,-0.0393895
6.19139,-0.04151375
4.09678,-0.03833975
2.19279,-0.029843
-0.066245,-0.02871225
-1.90743,-0.027154
-4.04143,-0.02356078
-6.07979,-0.0220071
-8.08747,-0.0204508
-10.0321,-0.018481
