aoa,cl
10.0461,2.03444
9.33438,2.13582
8.91425,2.41564
8.26666,2.40089
7.10093,2.30429
6.2267,2.24534
4.18715,2.04073
2.18046,1.83944
0.142178,1.59405
-2.15473,1.38141
-4.02986,1.13619
-6.16322,0.884488
-8.0047,0.641064
-10.1686,0.36669
-12.1696,0.074505
-14.3332,-0.139348
