cl,cd
0.888694,0.0198967
0.738546,0.0148979
0.568024,0.0121612
0.372142,0.0111915
0.166636,0.0108329
-0.048403,0.0116976
-0.250585,0.0134061
