aoa,cl
22.4533,1.20229
20.4021,1.26925
18.5417,1.32972
17.5485,1.32822
16.3299,1.33815
15.3687,1.32361
14.5032,1.31069
12.5144,1.28321
11.2633,1.25237
10.3651,1.22311
6.99976,0.996555
6.13407,0.929662
5.20696,0.799052
4.14897,0.699426
3.0922,0.567076
2.1643,0.428136
1.10415,0.343074
0.526597,0.279271
-0.019585,0.230171
-0.468603,0.172894
-0.885585,0.11888
-6.02964,-0.433475
-8.09025,-0.658362
-9.99017,-0.891587
