aoa,cl,cd
15.9891,-0.28629,0.0
14.8374,-0.279393,0.0
13.7821,-0.278233,0.0
12.9817,-0.267203,0.0
11.9904,-0.2685,0.0
10.903,-0.269395,0.0
9.81555,-0.27111,0.0
8.92003,-0.273223,0.0
7.9605,-0.275753,0.0
6.64871,-0.276253,0.0
5.7521,-0.270153,0.0
4.95236,-0.27308,0.0
2.7745,-0.259675,0.0
0.853354,-0.256108,0.0
-1.19581,-0.256243,0.0
-3.1825,-0.246105,0.0
-5.26502,-0.241724,0.0
-7.1576,-0.222124,0.0
-9.05124,-0.197587,0.0
-12.9992,-0.156317,0.0
-14.7992,-0.123122,0.0
