aoa,cl
14.2293,2.24302
13.4545,2.32966
12.7615,2.68691
12.3102,2.7197
11.2206,2.67449
10.2934,2.5868
9.26864,2.51215
8.24424,2.42279
7.15537,2.32688
6.29119,2.23412
5.42711,2.13316
4.30531,2.0257
3.08533,1.93618
2.25223,1.83673
1.28885,1.75524
0.036811,1.63127
-2.05138,1.42397
-4.07542,1.1903
-6.06987,0.976065
-8.16234,0.745272
-9.96453,0.506091
-12.0939,0.292922
-14.0916,0.00906233
-14.124,0.00741784
-16.2172,-0.35382
