aoa,cl
14.0722,1.01226
12.9499,1.03026
12.5331,1.04498
12.1162,1.05806
11.1543,1.05153
10.0642,1.04663
8.97408,1.02865
8.17272,0.987764
7.14712,0.914173
5.96137,0.817687
4.00682,0.623085
2.98156,0.516794
1.82818,0.395789
0.931096,0.305855
-0.093847,0.173413
-6.27632,-0.465846
-9.06263,-0.776439
