aoa,cl
16.4765,0.582519
14.3358,0.617976
12.4821,0.72662
11.7463,0.749299
11.4911,0.824051
10.7878,0.929687
10.4036,0.941046
9.31411,0.892176
8.4485,0.827044
6.33196,0.670679
4.40698,0.499635
2.44925,0.304132
-1.98195,-0.0725247
-3.71651,-0.281159
-5.93409,-0.447698
-8.18455,-0.640342
