aoa,cd
20.301,-0.12541875
18.4248,-0.11443875
17.3427,-0.06854075
16.8972,-0.063637
16.1334,-0.04766675
15.2422,-0.04278025
14.2235,-0.041182
12.0584,-0.04414825
10.3383,-0.04586475
8.13966,-0.0476025
6.22684,-0.0431665
4.05835,-0.0465465
1.9846,-0.047047
-0.122079,-0.0430275
-1.94207,-0.0426945
-3.95452,-0.039491
-5.93582,-0.03628475
-8.01384,-0.03267
-10.1565,-0.0335825
-12.0802,0.04289025
-12.5921,0.0408145
-13.1685,0.044911
-14.065,0.048174
