cl,cm
0.899515,-0.0391575
0.702072,-0.04004925
0.493382,-0.03889775
0.28465,-0.03979375
-0.173046,-0.04119125
-0.277427,-0.03795275
