aoa,cl
24.5153,1.0831
22.2958,1.06184
20.3064,1.13136
18.1859,1.16953
16.2885,1.17962
14.0713,1.22938
12.2656,1.17339
10.0043,1.03979
8.19447,0.92595
6.05719,0.726202
4.08245,0.557802
1.91192,0.35303
-0.031767,0.176306
-2.17022,-0.01862
-3.98794,-0.235073
-6.16096,-0.458164
-10.3102,-0.828423
-12.2569,-1.02186
-14.3966,-1.20211
