aoa,cl,cd
21.8796,-0.068233,0.0
21.0775,-0.060409,0.0
20.2459,-0.032382,0.0
19.3468,-0.030746,0.0
18.1591,-0.024991,0.0
17.0677,-0.021297,0.0
16.329,-0.02172,0.0
14.0495,-0.019693,0.0
13.183,-0.016821,0.0
12.2196,-0.019309,0.0
11.1284,-0.017677,0.0
10.1014,-0.016868,0.0
8.04803,-0.011954,0.0
6.02677,-0.009512,0.0
4.13392,-0.00913,0.0
2.04927,-0.005454,0.0
-1.60559,0.005613,0.0
-1.60555,0.006025,0.0
-3.84962,0.009284,0.0
-5.96508,0.012545,0.0
-8.04794,0.017865,0.0
-9.58598,0.020311,0.0
