aoa,cl,cd
24.2631,1.08996,0.0
22.2451,1.16563,0.0
20.0988,1.26923,0.0
18.1776,1.31858,0.0
17.2178,1.29887,0.0
16.0342,1.27258,0.0
13.9549,1.23152,0.0
12.0362,1.17403,0.0
9.98975,1.10833,0.0
8.16752,1.04099,0.0
6.9522,1.03116,0.01388375
5.99351,0.98188,0.00794955
3.88629,0.771605,0.00630331
1.9393,0.556422,0.0059309
-0.166751,0.308412,0.00577465
-2.08094,0.073569,0.00561828
-3.29356,-0.051222,0.00591827
-5.1756,-0.276168,0.00786782
-6.22855,-0.379591,0.00958626
-8.43029,-0.578198,0.01258607
