cl,cd
0.744831,0.0189842
0.553557,0.0103578
0.328352,0.00856852
0.114687,0.00840212
-0.09877,0.00954725
-0.312907,0.0163343
