cl,cm
0.762021,0.00323838
0.682867,0.00361193
0.451956,0.00514418
0.230867,0.00504383
0.022804,0.00413155
-0.207714,0.00361835
-0.41555,0.00311565
-0.65064,0.00178371
