cl,cd
0.979325,0.0190275
0.825802,0.0150512
0.641631,0.0119615
0.444288,0.0106619
0.254716,0.0104631
0.045654,0.0108393
-0.154075,0.0123014
-0.354309,0.0157392
