aoa,cl,cd
14.1812,1.66126,0.0
13.3598,2.4136,0.0
12.3395,2.49927,0.0
11.0943,2.48484,0.0
9.9758,2.42273,0.0
9.0487,2.36876,0.0
8.0891,2.29507,0.0
7.09694,2.20163,0.0
6.16838,2.10651,0.0
4.34253,1.93095,0.0
2.06699,1.73891,0.0
1.07242,1.62553,0.0
0.013608,1.52529,0.0
-1.91326,1.29832,0.0
-4.03392,1.07614,0.0
-6.05967,0.865328,0.0
-8.0879,0.601592,0.0
-12.1163,0.103226,0.0
-14.2135,-0.16276,0.0
