aoa,cl
24.3184,1.23209
22.3887,1.42653
21.3272,1.56546
20.2332,1.59813
18.3669,1.58825
16.2432,1.55711
14.1521,1.47693
13.2836,1.42949
12.1578,1.38368
10.2926,1.27738
7.91367,1.10081
6.14649,0.922682
4.89358,0.806678
4.15492,0.728268
3.609,0.6711
2.99882,0.613935
2.06784,0.509424
0.848231,0.369016
-0.1471,0.292284
-0.692195,0.207418
-1.04491,0.155198
-2.2322,0.0442305
-6.27239,-0.404311
-8.38779,-0.627651
-10.1817,-0.834612
