aoa,cd
19.4591,-0.11579325
18.4641,-0.11053775
17.2116,-0.1118765
16.3764,-0.11112525
15.1875,-0.10793775
14.3195,-0.109244
13.2261,-0.10974725
12.261,-0.115586
11.1669,-0.11650175
10.4266,-0.1194445
9.49289,-0.12117025
8.33347,-0.1208585
7.07693,-0.12179
5.04607,-0.12361175
3.07842,-0.12172275
1.01264,-0.120665
-1.08686,-0.11631225
-2.96153,-0.111113
-4.86969,-0.10756275
-6.97322,-0.10650125
-8.75444,-0.09963525
-11.0229,-0.0932175
