aoa,cl,cd
14.2194,-0.276763,0.0
13.1645,-0.26736,0.0
12.231,-0.283475,0.0
11.0398,-0.302085,0.0
9.97968,-0.308335,0.0
8.79247,-0.308003,0.0
7.92529,-0.30971,0.0
6.89668,-0.31349,0.0
5.80572,-0.309028,0.0
4.77842,-0.305385,0.0
2.94731,-0.300145,0.0
0.696451,-0.295753,0.0
-1.03755,-0.280593,0.0
-3.19622,-0.28114,0.0
-5.09526,-0.271345,0.0
-7.25323,-0.260323,0.0
-8.95827,-0.242239,0.0
-11.1808,-0.223347,0.0
-13.0162,-0.202357,0.0
