aoa,cl,cd
16.113,-0.262123,0.0
15.2793,-0.282825,0.0
14.1581,-0.288645,0.0
13.0033,-0.310195,0.0
12.265,-0.3276,0.0
11.0792,-0.326398,0.0
10.0848,-0.333053,0.0
8.99431,-0.33516,0.0
8.09627,-0.333535,0.0
6.01042,-0.333193,0.0
4.0525,-0.326215,0.0
1.93235,-0.325455,0.0
-0.027292,-0.31557,0.0
-2.14852,-0.304028,0.0
-4.07788,-0.293718,0.0
-6.1685,-0.278015,0.0
-8.13032,-0.254418,0.0
-10.1257,-0.234963,0.0
-12.1548,-0.220064,0.0
-14.3129,-0.197273,0.0
