aoa,cd
20.3793,-0.07663425
18.2298,-0.05599075
16.3065,-0.02873975
14.0237,-0.02294548
12.3819,-0.025824
8.16375,-0.0319895
4.13719,-0.03733275
2.01126,-0.0369065
-2.1466,-0.0414255
-4.11294,-0.041827
-6.20932,-0.0451205
-7.95103,-0.04676375
-10.1128,-0.050058
-12.2102,-0.05211325
