aoa,cl
24.5991,1.11709
22.4788,1.2203
20.5031,1.52453
19.2164,1.56953
18.4423,1.56962
16.4088,1.54823
14.34,1.48199
12.2705,1.39916
11.0743,1.35112
10.1677,1.29476
8.19289,1.16879
6.27875,0.978117
5.27403,0.888624
4.26906,0.792511
2.19288,0.562207
0.084013,0.308806
-0.985151,0.1979
-1.99363,0.0223899
-4.19198,-0.14792
-6.07078,-0.369541
-8.23902,-0.605915
-10.1181,-0.865382
-12.1217,-1.06517
-14.1155,-1.08964
-14.9521,-0.474122
-16.1733,-0.465658
-17.1379,-0.468819
-18.1393,-0.571261
