aoa,cl
12.1566,0.852034
11.4809,0.933532
10.4195,0.967765
9.42247,0.969396
8.4577,0.948201
7.42891,0.879721
6.49643,0.825911
5.33893,0.744378
4.34244,0.643278
3.34578,0.555217
2.34948,0.431287
1.25651,0.317134
0.163658,0.189936
-1.63661,-0.00087364
-3.40502,-0.17213
-3.8549,-0.235728
-5.8162,-0.436348
