aoa,cd
10.4542,-0.3627525
9.4765,-0.3552675
8.6068,-0.3375825
7.59131,-0.308845
6.66545,-0.284605
5.8015,-0.26159
4.99295,-0.24511775
2.85095,-0.24929125
1.04268,-0.24083925
1.01028,-0.24124325
-0.138002,-0.24066025
-1.22071,-0.2384505
-3.07053,-0.236533
-5.14419,-0.2341715
-7.07567,-0.219141
-9.00711,-0.2032845
-10.8862,-0.19643925
-12.0799,-0.123733
-11.947,0.04230025
-12.4222,0.127739
-13.3639,0.14433775
