aoa,cl,cd
15.3924,-0.372713,0.0
14.8535,-0.278933,0.0
13.7362,-0.263363,0.0
13.0332,-0.265048,0.0
11.8186,-0.270055,0.0
10.7318,-0.26559,0.0
9.86813,-0.271815,0.0
8.74847,-0.27394,0.0
6.66825,-0.275708,0.0
4.74696,-0.277055,0.0
2.63264,-0.273058,0.0
0.70921,-0.27317,0.0
-1.34331,-0.268753,0.0
-3.26829,-0.259788,0.0
-5.41897,-0.248769,0.0
-7.12045,-0.230704,0.0
-9.14405,-0.210995,0.0
-11.1367,-0.19334,0.0
-13.0015,-0.17443,0.0
-14.7689,-0.13527,0.0
