aoa,cl
22.1811,0.996371
20.1611,0.883301
19.138,1.25656
18.1768,1.34494
17.0871,1.39731
16.2539,1.46279
14.1364,1.3907
12.1136,1.21704
10.0582,1.06789
8.06623,0.910506
6.16975,0.733403
4.04777,0.557863
1.34643,0.374011
0.960057,0.316582
-0.392076,0.14917
-0.875036,0.0917122
-2.09826,-0.0166854
-3.96629,-0.220349
-6.12473,-0.437253
-8.25174,-0.649311
-10.0573,-0.844975
-12.0885,-1.00954
-14.1199,-1.14295
-16.0527,-1.11538
-18.21,-0.987627
-20.1089,-0.803936
-22.0738,-0.689236
-24.1078,-0.811167
