aoa,cl,cd
8.49144,1.49574,0.0
6.31011,1.65326,0.0
5.66965,1.74693,0.0
5.02743,1.78138,0.0
4.38522,1.81913,0.0
3.38652,1.75975,0.0
2.25799,1.65757,0.0
1.35432,1.54226,0.0
0.192579,1.39731,0.0
-0.743517,1.26884,0.0
-1.87215,1.16173,0.0
-3.80717,0.968935,0.0
-6.09646,0.766201,0.0
-7.87127,0.53727,0.0
-10.0963,0.331256,0.0
-10.9479,-0.533143,0.0
