cl,cd
0.406073,0.0138814
0.198138,0.00912842
0.091951,0.00865472
-0.019053,0.00852411
-0.125205,0.00890019
-0.231366,0.00947257
-0.440055,0.0150502
-0.550489,0.0214153
