aoa,cl
13.4117,2.08907
12.5509,2.2359
11.456,2.73324
10.3198,2.63896
9.37682,2.54136
8.30448,2.44214
7.3293,2.34941
6.25472,2.22244
4.17326,2.02062
2.34983,1.82033
0.265162,1.58902
-1.91552,1.38213
-3.80869,1.13109
-5.76599,0.896307
-7.91983,0.635357
-10.0112,0.349844
-12.268,0.0218105
-13.0224,-0.11857
