aoa,cl,cd
12.5192,-0.355835,0.0
11.6884,-0.347325,0.0
10.5054,-0.331483,0.0
10.1452,-0.216587,0.0
8.96221,-0.211352,0.0
7.81143,-0.214298,0.0
7.10775,-0.212711,0.0
5.98824,-0.213199,0.0
5.02796,-0.208355,0.0
3.07534,-0.206444,0.0
0.833465,-0.204553,0.0
-0.993117,-0.201812,0.0
-2.9806,-0.20154,0.0
-4.93786,-0.193478,0.0
-6.96052,-0.183775,0.0
-8.95315,-0.165862,0.0
-10.8498,-0.153676,0.0
-12.9102,-0.125898,0.0
