aoa,cl,cd
17.6798,-0.116647,0.0
15.621,-0.09327,0.0
15.0428,-0.045716,0.0
14.0781,-0.013327,0.0
12.2443,-0.009217,0.0
11.1825,-0.008801,0.0
10.2172,-0.009205,0.0
8.09363,-0.008373,0.0
6.09873,-0.006721,0.0
4.0072,-0.008349,0.0
2.07674,-0.000549,0.0
-1.84897,-0.000526,0.0
-4.03706,0.001537,0.0
-5.99986,0.006878,0.0
-8.09149,0.00853,0.0
-9.89356,0.00895,0.0
-12.2749,0.010194,0.0
-13.1435,0.019218,0.0
-14.1731,0.029883,0.0
-15.7482,0.095074,0.0
-17.5501,0.106153,0.0
