aoa,cl,cd
16.4564,0.906482,0.0
15.3735,0.967312,0.0
14.3548,1.03636,0.0
13.3296,1.00859,0.0
12.3041,0.982453,0.0
11.3409,0.936595,0.0
10.472,0.870998,0.02303465
8.1879,0.731551,0.01825947
6.22086,0.57221,0.01487704
5.05949,0.483442,0.01357466
4.0258,0.392976,0.01228267
3.15101,0.286004,0.01154928
2.05157,0.188857,0.01094842
1.01572,0.090012,0.01070237
-0.992741,-0.101235,0.01067021
-2.22346,-0.201896,0.01110332
-4.13863,-0.395082,0.01220321
-6.15269,-0.591774,0.01590567
-8.2612,-0.734163,0.0
