aoa,cl
14.1842,0.968607
13.2494,0.999748
12.2492,1.05224
11.2502,1.07025
10.1882,1.04883
9.06346,0.979754
8.22877,0.902474
7.26594,0.802165
6.20605,0.70676
5.08242,0.586677
3.317,0.377725
2.03049,0.283861
1.09943,0.167
0.135006,0.0747815
-3.01505,-0.269461
-4.07586,-0.394675
-4.7828,-0.488587
-7.00418,-0.686482
-8.96906,-0.853126
-10.0661,-0.902746
