aoa,cl
10.2708,1.67667
8.22555,1.92428
7.29808,1.97019
6.37081,2.05712
5.41064,2.04398
4.28969,1.94715
2.27149,1.75347
0.733531,1.60736
0.156699,1.54826
-1.76655,1.32003
-3.85034,1.09667
-5.90262,0.861767
-7.89132,0.613691
-10.0407,0.37868
-12.1265,0.122278
-14.1801,-0.0455005
-16.234,-0.165691
