aoa,cl
24.2631,1.08996
22.2451,1.16563
20.0988,1.26923
18.1776,1.31858
17.2178,1.29887
16.0342,1.27258
13.9549,1.23152
12.0362,1.17403
9.98975,1.10833
8.16752,1.04099
6.9522,1.03116
5.99351,0.98188
3.88629,0.771605
1.9393,0.556422
-0.166751,0.308412
-2.08094,0.0735686
-3.29356,-0.0512223
-5.1756,-0.276168
-6.22855,-0.379591
-8.43029,-0.578198
