aoa,cl,cd
8.95391,1.67333,0.0
8.08569,1.6994,0.0
6.86362,1.73202,0.0
5.99544,1.74509,0.0
5.09459,1.76955,0.0
4.03349,1.77288,0.0
2.94072,1.75342,0.0
1.88308,1.63304,0.0
0.891123,1.46379,0.0
0.05945,1.30752,0.0
-2.1209,1.0405,0.0
-4.01473,0.848286,0.0
-6.13476,0.65273,0.0
-8.093,0.408214,0.0
-10.343,0.186388,0.0
-12.1422,-0.04201,0.0
-14.3675,-1.10543,0.0
