aoa,cl,cd
21.3117,-0.071099,0.0
19.9707,-0.061732,0.0
18.5657,-0.04745,0.0
17.7998,-0.026585,0.0
16.5858,-0.022943,0.0
15.4992,-0.026263,0.0
14.6363,-0.024656,0.0
13.8371,-0.030424,0.0
12.5264,-0.031703,0.0
10.48,-0.03506,0.0
8.4971,-0.035546,0.0
6.57782,-0.03316,0.0
4.36996,-0.034065,0.0
2.48165,-0.033317,0.0
0.112708,-0.029306,0.0
-1.68055,-0.028964,0.0
-3.79448,-0.026172,0.0
-5.78081,-0.023375,0.0
-7.67151,-0.021805,0.0
-9.78709,-0.021063,0.0
-11.9033,-0.021553,0.0
