cl,cm
0.937798,0.00243148
0.814323,0.0019701
0.663562,0.0027225
0.464605,0.00222873
0.259156,0.0021407
0.047185,6.04e-06
-0.16162,0.00196041
