aoa,cl
22.2095,0.833348
20.2982,0.99329
18.0913,1.02462
16.3614,1.01023
14.086,0.991044
12.2583,0.971772
10.045,0.952553
8.31012,0.894095
5.8989,0.796553
4.12651,0.645031
3.06276,0.552139
0.998594,0.356511
0.125738,0.229285
-1.10008,0.118391
-2.16557,0.00257104
-8.07542,-0.598009
-10.3344,-0.749892
-12.0132,-0.865883
