aoa,cd
14.3007,-0.273255
12.2893,-0.2589025
11.8427,-0.2469945
10.8199,-0.25851
9.70149,-0.263045
8.7747,-0.26552
7.81589,-0.2671775
6.66512,-0.2696575
4.58737,-0.265985
2.63678,-0.2660125
0.622149,-0.25946
-1.45725,-0.2570175
-1.42522,-0.2566075
-3.44081,-0.2496405
-5.42439,-0.23609225
-7.40852,-0.22418625
-10.9607,-0.188433
-13.138,-0.1732285
-15.1549,-0.15102525
