aoa,cl
14.3697,2.37317
13.2519,2.40449
12.3851,2.52894
11.3943,2.55863
10.3722,2.56543
9.2575,2.49048
8.33363,2.42854
7.21829,2.35519
6.32753,2.25722
4.28907,2.07438
2.34459,1.91599
1.16657,1.78033
0.114528,1.68391
0.082507,1.68391
-1.98792,1.44189
-3.86926,1.24887
-5.59017,1.0394
-8.11107,0.777469
-9.95994,0.531805
-11.9704,0.294234
-14.0451,0.0401876
-16.0546,-0.24343
