aoa,cl
8.09793,1.62
7.29733,1.73487
6.04445,1.79568
5.2411,1.83185
4.01696,1.7926
2.46625,1.60082
0.205947,1.36807
-1.86098,1.15168
-3.99257,0.935264
-5.8668,0.715533
-7.87013,0.494144
-10.1636,0.276011
-10.946,-0.0831682
-11.5324,-0.338989
-11.9956,-0.835742
