aoa,cl
11.3709,1.61381
10.4703,1.72171
9.21481,1.78871
8.28072,1.79682
7.31466,1.88515
6.57334,1.86873
5.25174,1.87847
4.21962,1.82273
3.1227,1.75386
2.348,1.64734
0.088307,1.45055
-1.81723,1.23242
-3.98186,1.00763
-5.82413,0.797557
-7.95803,0.559491
-9.86631,0.327947
-12.0665,0.0749351
