aoa,cl,cd
19.4471,-0.081374,0.0
17.9747,-0.051595,0.0
17.1099,-0.046324,0.0
15.9891,-0.021834,0.0
14.8675,-0.021482,0.0
14.0341,-0.022344,0.0
13.1365,-0.021572,0.0
11.8859,-0.020408,0.0
11.0521,-0.018404,0.0
9.99354,-0.018049,0.0
8.00416,-0.015285,0.0
6.07822,-0.012516,0.0
4.15151,-0.010975,0.0
1.93491,-0.008218,0.0
-0.025408,-0.00217,0.0
-2.0187,0.001831,0.0
-2.01869,0.00224,0.0
-4.07709,0.006649,0.0
-5.91115,0.00738,0.0
-8.09997,0.009734,0.0
-9.90319,0.013749,0.0
