aoa,cl,cd
20.4744,1.05161,0.01825925
19.4779,1.31103,0.0
18.2939,1.46614,0.0
17.4667,1.44337,0.0
16.5118,1.42224,0.0
14.634,1.35873,0.0
12.4078,1.21192,0.0
10.529,1.12545,0.02146051
8.33138,1.00465,0.01622335
5.27639,0.73507,0.01037
4.35403,0.633734,0.00468908
2.41187,0.452247,0.00442019
0.052823,0.272286,0.00443052
-1.92138,0.053032,0.00660609
-3.86455,-0.161398,0.0083027
-5.8738,-0.351394,0.00956183
-8.07663,-0.534969,0.01107711
-10.0886,-0.707139,0.01402075
-11.9097,-0.864614,0.01779014
