aoa,cl
24.2622,1.17366
22.0477,1.34969
20.3148,1.43774
18.1344,1.41331
16.2418,1.40191
14.1249,1.35137
12.1041,1.28124
10.0839,1.16216
8.09547,1.03979
7.13283,0.995721
5.97744,0.946753
4.91882,0.874938
3.98908,0.783541
1.90586,0.540346
-0.016507,0.280814
-1.10728,0.187737
-3.12772,-0.0229017
-3.9933,-0.129034
-6.30298,-0.365856
-10.3143,-0.759585
-14.1679,-1.08162
-16.0712,-0.970958
-18.2297,-0.963139
