aoa,cd
12.4729,-0.4131575
11.5441,-0.398875
10.2316,-0.399325
9.39831,-0.37809
8.59699,-0.3568525
8.33413,-0.19213775
7.21359,-0.18970475
6.06097,-0.18972425
5.35669,-0.1946405
5.00426,-0.189742
4.36375,-0.18975275
3.30683,-0.19099675
1.19227,-0.18367425
0.743927,-0.19185775
-2.78199,-0.16901925
-4.86589,-0.1686425
-6.8864,-0.15476825
-9.26022,-0.141714
-10.7683,-0.127827
