aoa,cl,cd
13.96,-0.052062,0.0
13.4795,-0.032281,0.0
12.0005,-0.019088,0.0
11.0359,-0.011255,0.0
10.1347,-0.01125,0.0
7.94613,-0.009592,0.0
6.07928,-0.007522,0.0
3.98692,-0.00504,0.0
2.05519,-0.003794,0.0
-0.005036,0.001575,0.0
-1.87275,0.00282,0.0
-4.03026,0.006129,0.0
-5.93036,0.009025,0.0
-8.15367,0.005326,0.0
