aoa,cl
14.4667,0.73148
13.13,0.888509
12.8649,1.17624
12.2548,1.18282
10.317,1.07176
9.21743,0.994977
8.27706,0.901819
7.14333,0.805382
6.26824,0.72691
4.51478,0.537211
2.17913,0.319645
0.424538,0.131449
-6.07291,-0.502318
-8.09016,-0.71537
-10.2007,-0.885876
