aoa,cl
22.4622,1.22959
20.2349,1.49678
18.575,1.59688
16.2699,1.61187
14.4751,1.59896
12.2926,1.53854
10.3609,1.38462
8.20136,1.18636
6.33008,0.996182
5.23255,0.881379
4.2644,0.789518
2.26142,0.5729
1.13041,0.453058
0.096396,0.349605
-0.810992,0.214924
-1.26414,0.159068
-1.78101,0.114703
-3.00991,-0.0101949
-3.94846,-0.113753
-6.05324,-0.352188
-10.1359,-0.806389
-12.2089,-0.99747
-13.9526,-1.05201
-16.1777,-1.05725
-18.1687,-0.907732
-20.1926,-0.759817
