aoa,cl
16.289,0.75324
15.4857,0.789953
14.2367,0.936763
13.2127,1.07859
12.2531,1.22378
10.1534,1.12045
9.3433,1.0304
8.11426,0.943688
6.39748,0.771893
2.80095,0.403219
1.18044,0.233033
-1.86614,-0.0773506
-4.13455,-0.292657
-4.8506,-0.429508
-7.99393,-0.71165
-8.90186,-0.803478
-9.96879,-0.836918
-12.1303,-0.786984
-13.0318,-0.716936
-14.0642,-0.685278
-15.1604,-0.630247
-16.0311,-0.588553
-17.1301,-0.593615
-18.0681,-0.612027
-19.1383,-0.697239
