aoa,cl,cd
14.1734,-0.334253,0.0
13.049,-0.319133,0.0
12.2456,-0.255025,0.0
11.3781,-0.246031,0.0
10.2859,-0.243567,0.0
9.09733,-0.249676,0.0
8.10146,-0.245989,0.0
7.20199,-0.245161,0.0
6.20617,-0.245148,0.0
5.0819,-0.247175,0.0
4.31076,-0.233283,0.0
3.31514,-0.244294,0.0
1.09867,-0.239366,0.0
0.199222,-0.236089,0.0
-0.828657,-0.235259,0.0
-2.91647,-0.235232,0.0
-4.87591,-0.228675,0.0
-6.77118,-0.218852,0.0
-8.85911,-0.21066,0.0
-11.1719,-0.200832,0.0
-12.6176,-0.188565,0.0
