aoa,cl
17.4434,1.19696
16.4789,1.23475
15.3851,1.23323
14.356,1.25136
13.2625,1.25802
12.3934,1.22042
11.4279,1.18939
10.1397,1.08629
7.98213,0.927565
6.14517,0.706534
5.11386,0.582099
4.17968,0.496983
2.02094,0.274337
1.05381,0.14497
0.118996,0.0254311
-1.00887,-0.0973653
-1.81507,-0.216924
-2.94309,-0.346281
-4.00654,-0.460895
-4.90957,-0.596841
-5.97269,-0.691787
-9.93615,-1.09129
