aoa,cl
8.0769,1.66999
7.02913,1.67787
6.07721,1.71487
5.18867,1.76484
4.13529,1.74839
3.11246,1.73351
2.04739,1.58505
1.11151,1.47696
0.108609,1.34595
-1.05639,1.21654
-2.02891,1.10634
-3.97518,0.928044
-6.15542,0.723156
-8.08273,0.519121
-10.3797,0.232362
-11.4222,-0.20057
