aoa,cl,cd
15.3747,-0.07587,0.0
14.3747,-0.053761,0.0
13.634,-0.016502,0.0
12.6975,-0.012409,0.0
11.5344,-0.01364,0.0
10.4037,-0.012823,0.0
8.62677,-0.010369,0.0
6.59093,-0.0116,0.0
4.62,-0.006689,0.0
2.58409,-0.003826,0.0
-1.35881,0.003951,0.0
-3.29802,0.009682,0.0
-5.36719,0.010499,0.0
-7.69507,0.013364,0.0
-9.57048,0.01582,0.0
-10.4438,0.01459,0.0
-11.5434,0.014999,0.0
-12.6103,0.019914,0.0
-13.6437,0.034251,0.0
-14.6129,0.045311,0.0
-15.125,0.092416,0.0
