aoa,cl
12.2696,1.52178
10.4068,1.63224
9.0245,1.6735
8.15701,1.71638
6.99988,1.75763
6.29266,1.78073
4.6515,1.77919
4.23019,1.67875
2.58334,1.49437
-0.032075,1.22762
-1.90549,1.02997
-4.13352,0.832306
-5.97582,0.626337
-8.20602,0.390661
-10.0499,0.161515
-12.1854,-0.102313
