aoa,cl
20.4831,1.29491
19.4496,1.31605
18.1249,1.32248
17.3495,1.34038
16.4125,1.355
15.2166,1.36145
14.344,1.37445
13.3096,1.38254
12.3073,1.3792
11.2078,1.36115
10.0435,1.30227
8.16768,1.18129
6.09798,1.01133
5.16034,0.885564
4.25513,0.787565
3.15606,0.679769
2.21886,0.558956
1.02315,0.439764
0.021575,0.323873
-1.04439,0.19332
-2.11027,0.0741991
-4.24157,-0.16236
-6.24281,-0.40697
-8.0174,-0.633557
-10.1793,-0.858513
-12.1155,-1.02643
