aoa,cl
14.4609,0.867969
13.4072,0.866479
12.3854,0.904488
11.3312,0.921111
10.4365,0.936068
9.28569,0.932955
4.06623,0.464082
2.68731,0.287804
0.088846,0.0290222
-1.7415,-0.193677
-3.92584,-0.400014
-6.04767,-0.619707
-8.07428,-0.818067
-8.84662,-0.889182
-9.8113,-0.907445
-10.9689,-0.900936
-12.0301,-0.884497
-13.0592,-0.851517
-14.089,-0.846639
