aoa,cl,cd
20.2865,0.990801,0.00774799
18.7417,1.0054,0.00788949
18.8396,1.78064,0.0
18.421,1.79859,0.0
17.8735,1.78879,0.0
17.1972,1.77407,0.0
16.1666,1.72016,0.0
13.9764,1.59274,0.0
12.0761,1.41308,0.01265127
10.2083,1.21873,0.01027312
5.99005,0.75988,0.00662405
3.99411,0.513364,0.00604926
2.32008,0.332151,0.00592606
-2.12259,-0.092316,0.00696785
-4.21482,-0.304516,0.00702094
-6.21016,-0.52158,0.00747194
-8.20553,-0.723956,0.00856741
-10.0071,-0.944217,0.0
