aoa,cl
15.2421,0.880352
14.4085,0.931171
13.2845,0.947605
12.2244,0.960761
11.1649,0.9985
10.0713,0.978888
9.04162,0.954353
8.20382,0.898666
7.10858,0.839707
6.17359,0.765986
4.10855,0.557888
2.20424,0.353041
0.106394,0.139976
-1.9273,-0.0714763
-3.96141,-0.289509
-5.73815,-0.507553
-6.96409,-0.59284
