aoa,cl
16.2375,0.73035
14.4039,0.773025
13.0874,1.31735
12.3794,1.26327
11.1886,1.18298
10.2872,1.08627
8.09835,0.874842
6.07027,0.671594
4.00995,0.471619
3.04397,0.345392
2.11023,0.233919
1.75607,0.196215
1.04783,0.135564
-1.36742,-0.197245
-3.07352,-0.303793
-4.00744,-0.423479
-5.9074,-0.646459
-8.00047,-0.857965
-9.99704,-1.06456
-11.0598,-1.17278
-12.2832,-1.24164
-13.056,-1.30887
-13.9571,-1.30557
-15.2405,-0.702019
-16.3024,-0.682318
