aoa,cl,cd
14.8826,0.718294,0.0
14.1472,0.719994,0.0
13.3162,0.733214,0.0
12.2615,0.759611,0.0
10.0551,0.795977,0.0
9.06359,0.814156,0.0
8.16702,0.80436,0.0
7.10706,0.700786,0.0
6.04635,0.582376,0.0
5.05131,0.518251,0.0
3.09017,0.317522,0.00938684
1.96426,0.194078,0.00624737
1.09481,0.078832,0.00338766
-0.964373,-0.125373,0.00471199
-2.09101,-0.240691,0.00634226
-4.02373,-0.458219,0.00779043
-5.08717,-0.580207,0.0
-6.18225,-0.682444,0.0
