aoa,cl,cd
14.1869,-0.265005,0.0
12.9327,-0.283633,0.0
11.9036,-0.2895,0.0
10.8739,-0.306055,0.0
9.94076,-0.310273,0.0
8.65325,-0.310423,0.0
7.8161,-0.309698,0.0
6.78543,-0.31023,0.0
5.85109,-0.31034,0.0
4.69082,-0.311708,0.0
3.65912,-0.310183,0.0
2.72384,-0.309058,0.0
0.465075,-0.30685,0.0
-0.535752,-0.307378,0.0
-1.40773,-0.305833,0.0
-5.38341,-0.290635,0.0
-7.26031,-0.271063,0.0
-9.1707,-0.25849,0.0
-11.115,-0.240549,0.0
-13.0607,-0.220533,0.0
-14.911,-0.19017,0.0
