aoa,cl
16.5644,1.19653
15.4431,1.38831
14.6749,1.45553
13.2056,1.37681
12.3751,1.32596
11.1938,1.20949
10.5555,1.12419
8.22354,0.920694
6.37124,0.707331
5.15726,0.576001
4.29514,0.457814
3.27241,0.355998
2.25004,0.232846
1.57841,0.178621
1.09881,0.132621
0.044402,-0.00204652
-0.914561,-0.112109
-1.32985,-0.171233
-1.84157,-0.222178
-2.96131,-0.324099
-3.88783,-0.460433
-5.87096,-0.679048
-8.20782,-0.892897
-9.96753,-1.10171
