aoa,cl,cd
24.3474,-0.162628,0.0
22.1912,-0.131826,0.0
20.2636,-0.080518,0.0
19.135,-0.081732,0.0
18.1681,-0.080488,0.0
17.1366,-0.080062,0.0
16.3312,-0.07718,0.0
15.0093,-0.079622,0.0
14.0104,-0.078377,0.0
12.0448,-0.075888,0.0
9.88512,-0.081599,0.0
8.17725,-0.083215,0.0
5.89027,-0.079901,0.0
3.95758,-0.079053,0.0
1.83234,-0.074102,0.0
0.029172,-0.070796,0.0
