aoa,cl,cd
15.2993,-0.09105,0.0
13.5036,-0.091453,0.0
11.7073,-0.045487,0.0
11.0015,-0.000348,0.0
9.87902,-0.002802,0.0
8.91684,-0.002796,0.0
7.98668,-0.0032,0.0
5.86956,-0.002365,0.0
4.00885,-0.000712,0.0
2.01959,0.000943,0.0
0.030128,0.005061,0.0
-2.15217,0.003024,0.0
-2.15217,0.003434,0.0
-2.12008,0.003024,0.0
-4.11003,0.0055,0.0
-6.03599,0.008387,0.0
-8.12273,0.008812,0.0
