aoa,cl,cd
17.917,-0.145927,0.0
17.1554,-0.069689,0.0
16.0336,-0.048285,0.0
15.1041,-0.031409,0.0
14.14,-0.032251,0.0
13.0145,-0.037216,0.0
11.889,-0.040534,0.0
10.828,-0.04179,0.0
9.73519,-0.040162,0.0
7.8058,-0.04061,0.0
5.68332,-0.039,0.0
3.78586,-0.035737,0.0
1.79149,-0.032475,0.0
-0.267975,-0.030863,0.0
-2.16627,-0.025949,0.0
-4.0977,-0.023921,0.0
-6.19058,-0.021896,0.0
-8.34808,-0.018633,0.0
-10.2805,-0.015366,0.0
