aoa,cl,cd
8.20928,1.72532,0.0
7.11495,1.74,0.0
6.52934,1.87062,0.0
5.95117,1.85102,0.0
5.53391,1.82979,0.0
4.95563,1.81019,0.0
4.31645,1.72036,0.0
2.96877,1.63376,0.0
1.94321,1.53899,0.0
0.98298,1.42297,0.0
0.118312,1.32491,0.0
0.086098,1.32491,0.0
-2.09411,1.11563,0.0
-3.92178,0.930828,0.0
-6.07081,0.713239,0.0
-8.18637,0.457981,0.0
-10.2398,0.233706,0.0
-12.2924,-0.016805,0.0
