aoa,cl
22.4688,1.36717
20.3332,1.54427
18.4452,1.56085
17.2295,1.58555
16.2717,1.64792
14.2207,1.63668
12.2287,1.54183
10.3931,1.38789
8.13736,1.18964
6.26579,0.994545
5.32878,0.879734
4.29608,0.781311
3.26277,0.676298
2.64939,0.618859
2.2931,0.564691
1.16245,0.451416
0.127731,0.334826
-1.26405,0.160711
-1.78146,0.10649
-3.98136,-0.1269
-6.02198,-0.368623
-8.03033,-0.590735
-10.2325,-0.804756
-12.1773,-1.00734
