aoa,cl
11.9656,1.804
9.7815,2.11112
8.84971,2.23531
8.01335,2.29907
7.01373,2.24197
5.91716,2.16364
4.01292,1.93187
1.88413,1.73281
0.819593,1.6137
-0.019369,1.49786
0.012857,1.49949
-2.21226,1.26298
-4.01852,1.01344
-6.27482,0.786817
-8.24125,0.530871
-10.175,0.276614
-12.1086,-0.00529558
-14.2989,-0.261045
