aoa,cd
10.8926,-0.350575
9.86554,-0.3403025
8.90399,-0.2995525
8.03841,-0.26415
6.94612,-0.269525
5.91812,-0.271605
4.92197,-0.278625
3.12295,-0.27454
0.905659,-0.2762325
-1.02263,-0.27462
-3.01524,-0.2647675
-4.84751,-0.2569725
-7.00154,-0.2450605
-8.99507,-0.2298455
-10.0242,-0.22491675
-11.0536,-0.2253465
-11.276,-0.1226975
-11.7529,0.0876085
-13.4573,0.13627575
