aoa,cl,cd
19.0112,-0.131884,0.0
17.4418,-0.091113,0.0
15.4208,-0.066016,0.0
14.6204,-0.044191,0.0
14.1077,-0.033075,0.0
13.1108,-0.038038,0.0
11.857,-0.040122,0.0
10.6674,-0.040969,0.0
9.99183,-0.043866,0.0
9.76722,-0.040985,0.0
7.83796,-0.040609,0.0
5.77975,-0.039411,0.0
3.81781,-0.036974,0.0
1.72713,-0.032477,0.0
-0.235389,-0.028801,0.0
-2.23082,-0.026775,0.0
-4.32303,-0.023512,0.0
-6.2873,-0.02231,0.0
-8.25162,-0.019457,0.0
-10.4417,-0.015782,0.0
