aoa,cl,cd
20.2455,-0.070798,0.0
18.0763,-0.067105,0.0
16.0683,-0.009642,0.0
15.2068,-0.005534,0.0
14.0579,-0.001425,0.0
12.1743,-0.000185,0.0
9.87499,-0.002228,0.0
9.84307,-0.001818,0.0
8.0542,-0.003453,0.0
5.94557,-0.001391,0.0
3.9642,0.000261,0.0
1.75858,0.002735,0.0
-0.063769,0.006851,0.0
-2.30243,0.010149,0.0
-4.15806,0.009336,0.0
-6.30205,0.010169,0.0
-8.25442,0.012645,0.0
