aoa,cl,cd
17.4049,-0.249461,0.0
15.2191,-0.232393,0.0
14.1902,-0.227521,0.0
13.2887,-0.249929,0.0
12.1306,-0.251983,0.0
11.1651,-0.260143,0.0
9.94257,-0.256495,0.0
9.20215,-0.263433,0.0
7.11021,-0.259798,0.0
5.11443,-0.253718,0.0
3.05447,-0.230116,0.0
1.25077,-0.229733,0.0
-0.875606,-0.230985,0.0
-2.93776,-0.224899,0.0
-5.06458,-0.211067,0.0
-6.80502,-0.198043,0.0
-8.89992,-0.169525,0.0
-9.80217,-0.149961,0.0
-10.4463,-0.127131,0.0
-11.5747,-0.112051,0.0
-12.6066,-0.099415,0.0
