aoa,cl
20.437,1.13378
18.2468,1.20896
16.3122,1.50956
15.7967,1.56509
15.2815,1.59448
14.22,1.52753
12.0644,1.39849
10.0049,1.24328
7.97697,1.04388
5.85167,0.855855
3.75774,0.648128
1.66304,0.456683
-0.174796,0.245518
-2.30335,0.0473698
-4.2074,-0.180351
-6.43433,-0.375387
-8.43687,-0.604937
