aoa,cl
14.4666,2.39453
13.5349,2.78748
12.3105,2.83064
11.3109,2.80275
10.5367,2.76325
9.21371,2.6495
8.56821,2.59509
7.18008,2.48956
6.40505,2.39384
4.11168,2.20407
2.36669,2.00591
0.20077,1.78126
-1.83669,1.57139
-4.16632,1.35315
-5.91396,1.13155
-8.0508,0.878436
-9.92902,0.621958
-12.0674,0.378575
-13.9793,0.110355
-16.1833,-0.204312
