aoa,cl
18.0567,1.33508
16.2689,1.39644
15.2191,1.48083
14.0944,1.43806
13.1617,1.3936
12.2255,1.30783
10.0603,1.08676
8.24788,0.870561
6.05095,0.660981
4.2381,0.446379
2.88135,0.32423
2.46097,0.281305
2.03942,0.223513
1.03511,0.0980198
-0.064645,-0.0159151
-0.84306,-0.12326
-0.875152,-0.123259
-2.23209,-0.240511
-3.04309,-0.352825
-3.98291,-0.4701
-5.14717,-0.582428
-6.3444,-0.70468
-8.12755,-0.931022
-10.2307,-1.13759
-12.302,-1.34254
-14.2736,-1.49631
