aoa,cl
12.066,1.71433
11.0141,1.83004
9.96447,2.05157
8.91575,2.31544
7.02647,2.17249
5.90526,2.07011
4.14163,1.83596
1.89847,1.60838
0.071102,1.39212
-2.10822,1.17102
-3.93621,0.935205
-6.02042,0.686387
-8.07335,0.409878
-10.1577,0.162662
-12.0512,-0.126914
-14.2645,-0.411587
