aoa,cl
16.2489,0.493119
14.0067,0.530811
12.0846,0.583235
10.9955,0.614358
10.545,0.725721
9.77599,0.761751
7.98483,0.702803
5.84311,0.586554
3.79884,0.416291
1.59512,0.236233
-2.33277,-0.0681611
-4.28001,-0.235058
-6.3866,-0.413384
-8.23806,-0.549144
-10.3132,-0.676695
-12.0386,-0.70934
