aoa,cl,cd
20.2369,-0.106008,0.0
18.3162,-0.099896,0.0
16.1723,-0.084355,0.0
14.2191,-0.073317,0.0
12.1362,-0.065968,0.0
10.115,-0.066822,0.0
8.06055,-0.069729,0.0
6.19826,-0.070992,0.0
4.07756,-0.075954,0.0
2.08649,-0.071883,0.0
0.093796,-0.071916,0.0
-4.14852,-0.060074,0.0
