aoa,cl
22.3937,1.49069
20.4702,1.52709
19.4778,1.57496
18.2564,1.54376
17.2914,1.50758
16.3255,1.45492
14.2649,1.35454
12.2661,1.21785
10.1384,1.08772
8.10606,0.949301
7.23412,0.876768
6.04053,0.804239
4.97759,0.771287
4.23498,0.718519
3.10482,0.639357
2.06852,0.517271
0.935876,0.401765
-0.003533,0.292837
-2.20511,0.0683199
-6.25572,-0.367748
-8.16826,-0.56772
-10.3377,-0.741328
-12.3136,-0.901762
-14.3539,-1.05068
-15.4498,-1.04248
-16.2555,-1.03426
-18.481,-1.0311
-20.467,-0.806301
