aoa,cl
24.468,0.822552
22.378,0.847099
20.2895,0.980046
18.4271,1.17706
17.1412,1.21807
16.2407,1.21639
14.4064,1.1424
12.2181,1.04869
10.2225,0.93363
8.06554,0.782436
6.22989,0.60498
4.00853,0.44065
2.01177,0.235274
-0.081821,0.00033925
-1.88571,-0.218155
-4.17197,-0.439949
-6.10561,-0.750397
-8.00515,-0.917972
-10.0647,-1.02644
-12.2219,-1.2285
-14.1844,-1.30248
-16.2429,-1.33377
-17.3355,-1.2747
-18.107,-1.25175
-20.4521,-1.05152
-22.2528,-1.04011
-24.406,-0.917048
