aoa,cl
14.1239,0.823163
13.3614,0.91347
12.1142,0.95954
10.9205,1.27629
10.1764,1.19765
8.30038,1.00919
7.23371,0.914126
6.16592,0.807563
5.13098,0.712467
4.0631,0.60915
3.21873,0.492663
2.53992,0.438537
1.92555,0.387685
1.53487,0.323675
-0.019734,0.169413
-1.05559,0.075857
-1.63914,0.013472
-1.9963,-0.030861
-3.066,-0.140876
-4.04028,-0.260773
-5.17451,-0.369183
-6.21317,-0.485832
