aoa,cd
18.4919,-0.046174
17.1845,-0.026472
16.1641,-0.00964198
15.2067,-0.00635493
15.2068,-0.00594448
13.9939,-0.00429785
12.1101,-0.00716388
9.87471,-0.00756585
7.95831,-0.0042735
5.91354,-0.00262253
3.9642,0.00026067
-0.031955,0.0043863
-2.23883,0.00480733
-4.15818,0.00769275
-6.33402,0.01058015
-8.22251,0.01141168
