aoa,cd
20.3005,-0.08717375
18.161,-0.11824
16.1749,-0.0778415
14.1264,-0.06398275
12.0781,-0.05992425
10.0939,-0.06485225
7.82078,-0.0689685
5.89904,-0.07022025
3.88073,-0.0735175
1.86158,-0.073954
-0.061689,-0.07888725
-2.08206,-0.07932475
-4.03879,-0.08139775
-6.09235,-0.08429075
-8.2425,-0.09332375
-10.2334,-0.09294475
-12.1603,-0.097067
-14.1525,-0.09586975
