aoa,cd
22.0435,-0.06703575
20.0883,-0.06138875
18.0367,-0.05981475
16.0161,-0.05131575
13.9638,-0.05666475
12.1673,-0.05752675
9.85702,-0.061255
8.95815,-0.06005675
8.12359,-0.0613015
6.96843,-0.06907525
6.00497,-0.067879
4.07765,-0.06548575
1.76391,-0.06024825
-0.036208,-0.05621875
-2.22263,-0.05219825
-3.95945,-0.04857275
-6.30795,-0.044962
-8.07791,-0.04215125
-10.2986,-0.0430235
-12.0053,-0.03857775
-14.1963,-0.028428
-16.1662,0.01194243
-18.2629,0.02986525
