aoa,cl,cd
14.6191,2.57249,0.0
13.0904,2.67428,0.0
12.4415,2.76309,0.0
11.3664,2.77103,0.0
10.4852,2.72465,0.0
9.44043,2.65681,0.0
8.23285,2.584,0.0
7.09089,2.51945,0.0
6.30613,2.42371,0.0
5.39216,2.3543,0.0
4.2493,2.2519,0.0
2.28956,2.0505,0.0
0.625172,1.90686,0.0
0.037504,1.84745,0.0
-1.79046,1.6643,0.0
-3.91201,1.44327,0.0
-5.90361,1.20749,0.0
-7.89437,0.981642,0.0
-10.0794,0.759122,0.0
-12.1676,0.508681,0.0
-14.0622,0.217148,0.0
-16.0868,-0.087507,0.0
