aoa,cd
15.9694,-0.08722625
14.1383,-0.08149125
12.9107,-0.01213723
12.0116,-0.0125545
9.98843,-0.01051788
7.93383,-0.01299595
5.97519,-0.01054863
6.00721,-0.00972763
3.95233,-0.00646058
2.05862,-0.00770628
-2.01782,-0.00445533
-4.23277,0.00168169
-6.19032,0.00330725
-8.40448,0.00575113
-8.40443,0.00534088
-10.3929,-0.00041827
-12.1893,-0.00125285
-13.3777,0.01268483
-15.4972,0.035228
