aoa,cl,cd
24.4759,0.97896,0.00934262
22.5119,1.05824,0.0100409
20.4813,1.11944,0.01075445
18.3902,1.27962,0.01291747
16.305,1.58677,0.0
14.3277,1.49797,0.01735669
12.2511,1.36955,0.01459881
10.3016,1.19489,0.01163416
8.1243,0.992205,0.00945452
2.07853,0.395672,0.00635644
-4.16141,-0.204123,0.00689319
-8.22549,-0.662156,0.00839589
-10.1435,-0.87632,0.00960059
-12.1905,-1.06579,0.0
-14.2701,-1.26515,0.0
-15.1798,-1.34424,0.0
-16.3121,-1.15181,0.0
-18.2885,-0.913213,0.00998042
