aoa,cl
24.706,0.987905
22.5362,1.2097
20.3641,1.4431
19.566,1.50518
18.4818,1.54936
17.333,1.60498
16.1233,1.57737
15.1688,1.53502
14.4364,1.51387
12.2738,1.36545
10.3338,1.21204
8.26638,1.03079
6.48484,0.865798
5.08324,0.766116
4.32088,0.65988
3.23726,0.58467
2.37815,0.489837
0.181289,0.262489
-2.01727,0.0497515
-3.96065,-0.161412
-6.12971,-0.36125
-8.26605,-0.593885
-10.0836,-0.805278
-12.0642,-0.979167
