aoa,cl
12.2636,0.75123
11.368,0.77914
10.1516,0.798858
8.99888,0.812015
8.19664,0.787429
7.23194,0.718548
6.10669,0.644744
4.97925,0.528272
4.10895,0.428196
3.17408,0.31991
2.14249,0.201772
1.04703,0.090188
0.047183,-0.0312503
-0.758502,-0.114951
-2.11139,-0.239692
-3.04748,-0.364438
-4.04659,-0.464575
-4.88611,-0.579486
-6.23845,-0.684573
