aoa,cl,cd
12.2289,2.46694,0.0
11.7865,2.67389,0.0
11.2755,2.70512,0.0
10.2509,2.67399,0.0
9.16096,2.59359,0.0
8.10284,2.51154,0.0
7.26928,2.45247,0.0
6.3065,2.35234,0.0
4.18821,2.13563,0.0
2.23118,1.9731,0.0
1.13882,1.83514,0.0
0.080614,1.77111,0.0
-1.78238,1.56414,0.0
-3.99833,1.34237,0.0
-5.86249,1.12053,0.0
-7.98318,0.898661,0.0
-9.91199,0.680033,0.0
-12.1626,0.426837,0.0
-14.0304,0.143959,0.0
-16.5137,-0.316694,0.0
