aoa,cl,cd
22.3107,-0.144904,0.0
20.304,-0.090429,0.0
18.4804,-0.079393,0.0
16.1741,-0.075743,0.0
14.2853,-0.063472,0.0
12.103,-0.071712,0.0
10.3058,-0.075435,0.0
8.09136,-0.075884,0.0
6.26135,-0.076326,0.0
4.07774,-0.075133,0.0
2.05426,-0.072294,0.0
0.06165,-0.071917,0.0
-2.09168,-0.067846,0.0
-4.08436,-0.060895,0.0
-6.07877,-0.058461,0.0
-8.10591,-0.055205,0.0
-9.97306,-0.053179,0.0
-12.1948,-0.049101,0.0
-14.2184,-0.02117,0.0
-16.1418,0.024454,0.0
-18.1325,0.060219,0.0
