aoa,cl,cd
18.1883,0.679116,0.01692344
16.3272,0.756854,0.01950129
14.143,0.818118,0.0
12.1837,0.881031,0.0
10.2213,0.901008,0.0
8.09028,0.798749,0.0
6.02027,0.646899,0.01598558
4.14305,0.493359,0.0136432
2.07029,0.306755,0.01262274
-0.034583,0.128383,0.01196257
-2.10847,-0.064895,0.01221133
-8.04011,-0.611872,0.01715512
-10.2735,-0.750729,0.02102235
-12.1499,-0.844975,0.0
