aoa,cd
13.6444,-0.11965975
12.8196,-0.111429
11.7753,-0.09620275
10.7019,-0.075623
9.88751,-0.0488695
8.92247,-0.00646508
7.86738,-0.00643583
4.06154,-0.00344745
2.00969,-0.00709738
-0.199081,-0.00291533
-2.31776,-0.0065657
-3.98652,-0.0069319
-6.0089,-0.0064636
-7.16382,-0.00395635
-8.12824,-0.00475453
-9.09128,-0.00266425
-9.95686,0.057626
-11.0029,0.08450425
-11.6717,0.09650875
