aoa,cd
7.71531,-0.3396675
6.82129,-0.3192225
6.3074,-0.31597
6.1017,-0.260245
5.04015,-0.25783
3.91266,-0.2586975
3.04342,-0.2570925
0.981546,-0.2547175
-0.952764,-0.252745
-3.14524,-0.24750075
-4.95187,-0.24305775
-7.01446,-0.22959025
-9.01454,-0.21857675
-11.0168,-0.21002125
-12.9826,-0.18913525
-13.7848,-0.171494
