aoa,cd
15.41,-0.12457575
14.6033,-0.04431475
13.5756,-0.0430525
10.4261,-0.044202
8.43233,-0.047029
6.47323,-0.042037
2.35907,-0.03780875
0.398571,-0.03405
-1.53067,-0.0319385
-3.62047,-0.028175
-5.51769,-0.02482825
-7.64065,-0.02188643
-8.62146,0.0230302
-9.2924,0.03622825
-10.241,0.08114475
-11.3308,0.093534
