aoa,cl,cd
20.3119,0.768382,0.01396599
18.2687,0.786304,0.01420928
17.2111,1.20041,0.0
16.253,1.1906,0.0
15.2946,1.18733,0.0
14.2401,1.17752,0.0
13.3453,1.16279,0.0
12.2905,1.13823,0.0
11.5233,1.10383,0.0
10.1802,1.06615,0.0
8.26129,0.944873,0.01756452
6.34181,0.772726,0.01401538
4.35759,0.561139,0.0117149
2.21211,0.342865,0.0109062
0.161667,0.117916,0.01022715
-0.735676,0.007874,0.01045979
-6.09284,-0.537979,0.01399817
-7.89101,-0.710796,0.01785115
-10.0115,-0.88377,0.0
