aoa,cl,cd
6.52511,1.74837,0.0
5.18079,1.74361,0.0
4.73427,1.79776,0.0
3.83776,1.78966,0.0
3.16453,1.75695,0.0
2.39223,1.62586,0.0
1.23498,1.47675,0.0
0.109958,1.34236,0.0
-1.72224,1.13909,0.0
-3.93957,0.937429,0.0
-5.83694,0.742236,0.0
-7.89631,0.51579,0.0
-9.99191,0.189079,0.0
-10.6948,-0.671763,0.0
-11.1793,-0.763805,0.0
-12.2435,-0.913406,0.0
