aoa,cl,cd
22.0907,-0.08654,0.0
21.2572,-0.093072,0.0
20.453,-0.078456,0.0
19.2331,-0.074833,0.0
18.2037,-0.057375,0.0
17.2734,-0.059844,0.0
16.2766,-0.046858,0.0
15.5699,-0.042405,0.0
13.0335,-0.036381,0.0
12.359,-0.033554,0.0
11.0435,-0.035222,0.0
10.0808,-0.036065,0.0
8.05914,-0.036941,0.0
5.74917,-0.040267,0.0
3.50358,-0.043998,0.0
1.19135,-0.035526,0.0
0.067246,-0.031086,0.0
-1.9864,-0.031556,0.0
-4.07389,-0.024298,0.0
-6.03192,-0.021918,0.0
-7.86179,-0.01872,0.0
-9.91661,-0.014308,0.0
