aoa,cl,cd
20.4014,-0.094853,0.0
19.4123,-0.074125,0.0
15.3981,-0.051876,0.0
14.0921,-0.051926,0.0
12.2116,-0.05159,0.0
10.3946,-0.05533,0.0
8.1619,-0.060313,0.0
6.34261,-0.063241,0.0
5.19334,-0.066552,0.0
2.38239,-0.074424,0.0
0.046498,-0.068394,0.0
-1.93765,-0.068883,0.0
-3.95578,-0.065286,0.0
-5.91048,-0.064547,0.0
-8.05924,-0.061361,0.0
-10.0485,-0.060212,0.0
-12.071,-0.059473,0.0
-14.1947,-0.041544,0.0
-16.1987,0.010394,0.0
