aoa,cd
22.3524,-0.11144125
20.2964,-0.07926325
18.2401,-0.06868275
16.1837,-0.06503125
14.1594,-0.0650475
12.2635,-0.057726
10.143,-0.06100425
7.95809,-0.0614295
5.93384,-0.0610385
3.81312,-0.0590175
1.78871,-0.05577325
0.117738,-0.0529335
-2.00332,-0.04683625
-4.34922,-0.04277875
-6.21249,-0.047278
-8.33347,-0.0436265
