aoa,cl,cd
10.5133,-0.29385,0.0
9.57679,-0.280743,0.0
8.80612,-0.209851,0.0
7.67497,-0.2074,0.0
5.80031,-0.204134,0.0
3.8284,-0.202098,0.0
1.82361,-0.204161,0.0
-0.213544,-0.204174,0.0
-2.05615,-0.196399,0.0
-4.15787,-0.191084,0.0
-6.03294,-0.181668,0.0
-8.13389,-0.165695,0.0
-10.2351,-0.150951,0.0
-12.2256,-0.011221,0.0
