aoa,cl,cd
20.4831,-0.029449,0.0
18.1413,-0.030768,0.0
16.2796,-0.025543,0.0
14.0639,-0.012171,0.0
12.0718,-0.00776,0.0
9.82139,-0.00907,0.0
8.08436,-0.011585,0.0
5.79907,-0.018615,0.0
-0.162228,-0.029476,0.0
-2.22744,-0.042235,0.0
-4.19668,-0.048862,0.0
-6.42536,-0.054277,0.0
-8.13816,-0.058036,0.0
-10.4014,-0.061002,0.0
