aoa,cl
19.4578,1.31879
18.3689,1.31872
17.5361,1.31048
16.8313,1.31043
16.1909,1.37258
15.2615,1.35452
14.3318,1.31681
13.3056,1.25453
12.3433,1.19552
11.1883,1.1283
10.2575,1.03979
9.16615,0.957796
8.2027,0.843042
7.23921,0.749562
6.21128,0.649501
5.31146,0.529778
4.09037,0.421454
3.47987,0.391862
1.93649,0.204776
-0.08971,-0.0103304
-0.990617,-0.121991
-2.0204,-0.246818
-4.24123,-0.460508
-6.27,-0.684083
-8.3639,-0.896283
