aoa,cl,cd
8.08655,1.63495,0.0
7.23415,1.71277,0.0
6.08634,1.74455,0.0
5.29043,1.7762,0.0
4.28973,1.72544,0.0
2.99147,1.61538,0.0
2.04351,1.49196,0.0
1.25177,1.34207,0.0
-0.043677,1.25667,0.0
-2.06322,1.05096,0.0
-3.04352,0.932386,0.0
-4.1189,0.823714,0.0
-5.06245,0.739749,0.0
-6.20495,0.614535,0.0
-8.09791,0.41348,0.0
-10.1919,0.161184,0.0
-12.1283,-0.107748,0.0
