aoa,cl,cd
6.4511,-0.362015,0.0
5.24182,-0.351238,0.0
4.54548,-0.32688,0.0
3.72265,-0.294765,0.0
2.67692,-0.254885,0.0
1.75322,-0.233746,0.0
0.923023,-0.219116,0.0
0.026591,-0.208568,0.0
-1.16416,-0.211546,0.0
-3.19451,-0.21092,0.0
-5.19618,-0.203719,0.0
-7.10559,-0.195669,0.0
-9.31333,-0.190092,0.0
-12.5091,-0.190762,0.0
