aoa,cl,cd
18.0858,-0.079387,0.0
17.1909,-0.065158,0.0
16.168,-0.050929,0.0
15.3689,-0.044023,0.0
14.1213,-0.016353,0.0
13.3544,-0.021254,0.0
12.1712,-0.016386,0.0
10.9877,-0.013554,0.0
9.93197,-0.014386,0.0
8.36371,-0.014005,0.0
6.09006,-0.011596,0.0
4.19955,-0.007957,0.0
2.01944,-0.003096,0.0
-1.89519,0.007049,0.0
-3.91829,0.013146,0.0
-5.9104,0.012304,0.0
-8.09659,0.011459,0.0
-10.1233,0.010207,0.0
