aoa,cl,cd
12.3419,1.55563,0.0
10.208,1.72289,0.0
9.12498,1.81069,0.0
8.33218,1.9216,0.0
6.98901,1.97147,0.0
6.08969,1.95841,0.0
4.37398,1.76691,0.0
2.33386,1.53409,0.0
0.261861,1.30787,0.0
-1.97166,1.07335,0.0
-3.88285,0.858608,0.0
-5.95741,0.610779,0.0
-7.99866,0.382755,0.0
-10.1384,0.129901,0.0
-12.0216,-0.126302,0.0
