aoa,cl
23.8635,1.36339
21.9751,1.43697
20.0228,1.43873
18.0062,1.42254
15.8613,1.38348
14.0684,1.32808
11.892,1.12897
10.1619,1.18132
7.98353,1.16021
5.93347,1.07864
4.81263,0.98886
3.94813,0.89906
-0.246389,0.435311
-1.23926,0.342229
-2.03947,0.219741
-4.34564,-0.00237409
-6.20331,-0.201641
-8.28513,-0.441757
-10.1109,-0.647586
-12.2258,-0.830573
-14.3106,-0.889447
-16.0761,-0.858478
-18.2289,-0.698455
