aoa,cd
23.9355,-0.0964305
21.9841,-0.0829815
19.9685,-0.07931775
17.9843,-0.067496
15.9361,-0.06668575
14.0795,-0.06546675
12.0308,-0.07485525
9.91761,-0.0805735
7.99627,-0.08792425
6.81128,-0.092009
5.94647,-0.0944605
3.83175,-0.088347
1.87683,-0.08182375
-0.206592,-0.07693225
-2.09791,-0.07571325
-4.37435,-0.074087
-6.29857,-0.070418
-8.44757,-0.0687905
-10.2442,-0.06511975
-12.3621,-0.05859025
-14.2554,-0.06104525
-16.5035,-0.0377655
-18.304,0.0092176
-20.4892,0.03700675
-22.3204,0.0447755
