aoa,cl,cd
14.287,0.921658,0.0
13.5168,0.929713,0.0
12.4264,0.965628,0.0
11.3032,0.990043,0.0
9.21408,0.946908,0.0
8.24846,0.884278,0.0
6.92912,0.813356,0.0
6.02746,0.744161,0.0
4.25545,0.577845,0.01364239
3.03137,0.472431,0.01145465
1.93596,0.371973,0.00947654
0.002038,0.161263,0.00861825
-2.02861,-0.062606,0.01021617
-3.93018,-0.266732,0.01679284
-5.1547,-0.388575,0.0
