aoa,cl
13.9739,1.05267
13.3618,1.09691
12.0408,1.14604
10.9132,1.18207
9.97906,1.1722
8.04662,1.04105
6.08247,0.860774
3.92568,0.6658
3.02454,0.564238
2.05918,0.434846
0.997387,0.3284
-0.064226,0.202318
-0.160741,0.197407
-2.21923,-0.0154076
-6.23797,-0.47851
-8.1663,-0.664971
