aoa,cl
24.3602,1.00641
22.2406,0.977245
20.3767,0.889469
18.2572,0.874955
16.3092,1.49215
14.2225,1.55419
12.3583,1.48429
10.2357,1.32811
8.20957,1.16541
6.05458,0.968537
4.18884,0.770036
2.9024,0.646396
1.90556,0.560184
0.039717,0.321031
-1.05395,0.181132
-2.14694,0.0965693
-4.04442,-0.139273
-6.2306,-0.360433
-7.99905,-0.583216
-10.0884,-0.797829
