cl,cd
0.950947,0.0188318
0.777544,0.0136646
0.558864,0.0110079
0.349455,0.00945178
0.126773,0.00929277
-0.088237,0.00952434
-0.303605,0.0111751
-0.499803,0.0152762
