aoa,cl,cd
20.265,-0.107796,0.0
18.1013,-0.039362,0.0
16.134,-0.018061,0.0
14.1355,-0.022156,0.0
10.0094,-0.031576,0.0
8.01075,-0.039358,0.0
5.78636,-0.038538,0.0
3.8199,-0.036489,0.0
1.65996,-0.039765,0.0
-0.242114,-0.042632,0.0
-2.4343,-0.04386,0.0
-4.27175,-0.04222,0.0
-6.36728,-0.044677,0.0
-8.43053,-0.045905,0.0
-10.4293,-0.046724,0.0
-12.3942,-0.026651,0.0
-14.4236,-0.011086,0.0
-16.5166,0.012257,0.0
-18.639,0.05811,0.0
