aoa,cl,cd
14.1936,2.41677,0.0
13.3345,2.64689,0.0
12.6955,2.65512,0.0
12.0884,2.66988,0.0
11.0011,2.65043,0.0
10.3607,2.59177,0.0
9.01608,2.49891,0.0
8.11918,2.41741,0.0
4.24126,2.03418,0.0
2.15723,1.83677,0.0
-0.087829,1.62624,0.0
-1.91741,1.40908,0.0
-4.22825,1.18697,0.0
-6.05921,0.963129,0.0
-8.11619,0.686917,0.0
-10.077,0.441674,0.0
-12.3602,0.15709,0.0
-14.0018,-0.099759,0.0
