aoa,cd
17.3889,-0.11450725
16.4584,-0.106694
15.7535,-0.08034375
14.7268,-0.06717475
13.6993,-0.069657
12.736,-0.070491
11.6762,-0.071738
10.6804,-0.07628025
9.29943,-0.07505925
7.50059,-0.07507875
5.31599,-0.07345425
3.5166,-0.07223725
1.33123,-0.0718485
-0.3723,-0.070218
-2.49403,-0.06859175
-4.51958,-0.06407875
-6.5777,-0.0616265
