aoa,cl
16.7522,1.0085
15.4666,1.01991
14.4379,1.05904
13.6662,1.09001
12.6053,1.07861
11.5764,1.0721
10.5475,1.0558
8.29657,0.985701
6.39969,0.850367
5.33866,0.772095
4.3102,0.649798
1.32075,0.328547
0.163347,0.216018
-0.833366,0.121423
-1.79748,-0.00740301
-3.82277,-0.230836
-5.78443,-0.407009
-7.90704,-0.597879
