aoa,cl,cd
17.0694,-0.111696,0.0
16.9173,-0.079869,0.0
15.7656,-0.075819,0.0
14.4523,-0.076261,0.0
13.5225,-0.078735,0.0
12.6245,-0.081209,0.0
11.2136,-0.082473,0.0
10.3146,-0.086582,0.0
9.44749,-0.090283,0.0
7.29876,-0.084622,0.0
5.59678,-0.085078,0.0
3.34729,-0.086776,0.0
1.6123,-0.083143,0.0
-0.639125,-0.082386,0.0
-2.56847,-0.075891,0.0
-4.69293,-0.072262,0.0
-6.52883,-0.069443,0.0
-8.49457,-0.066216,0.0
-10.4932,-0.061349,0.0
