aoa,cl,cd
24.1988,0.821314,0.01518928
22.244,0.806466,0.01491418
20.2246,0.811259,0.01500298
18.268,0.698144,0.01290721
17.7549,0.69811,0.01290658
17.0874,1.43824,0.0
16.1572,1.40712,0.0
14.0392,1.28916,0.02910174
12.177,1.1417,0.023761
10.1217,0.994172,0.01911466
8.03342,0.84168,0.01558945
5.9122,0.67602,0.0124973
4.11174,0.531638,0.00871515
3.0827,0.452862,0.00568859
2.02148,0.385548,0.00422672
-0.006057,0.16889,0.00400872
-2.06654,-0.051132,0.00502555
-6.09253,-0.435607,0.0
