aoa,cl,cd
14.615,2.31716,0.0
13.5852,2.76814,0.0
12.3652,2.73752,0.0
11.1404,2.63476,0.0
10.2718,2.59249,0.0
9.1425,2.48473,0.0
8.39819,2.37844,0.0
6.46073,2.18238,0.0
4.42651,1.99283,0.0
2.55041,1.77036,0.0
0.063321,1.56109,0.0
-1.97543,1.33357,0.0
-3.88672,1.09446,0.0
-6.05654,0.850391,0.0
-8.03374,0.607851,0.0
-9.75539,0.327495,0.0
-11.9946,0.022482,0.0
-12.0268,0.024122,0.0
-14.2337,-0.264592,0.0
