aoa,cl
22.1943,1.50814
21.2605,1.55248
20.3581,1.57383
19.1648,1.56892
18.1006,1.56892
17.2622,1.56729
16.2948,1.56729
15.1019,1.5673
14.1025,1.56895
13.1027,1.55746
12.1665,1.51643
10.9394,1.44585
10.0353,1.39333
8.09588,1.21117
5.83394,1.00771
4.96114,0.914192
3.95924,0.81084
2.82813,0.692735
1.92243,0.568072
0.953601,0.484435
0.079886,0.346668
-1.14791,0.212209
-2.27835,0.099083
-2.99021,-0.0189724
-4.37822,-0.138623
-6.38101,-0.373009
-8.31877,-0.597517
-10.3534,-0.844928
-12.1935,-1.05789
