aoa,cl,cd
22.3022,-0.146881,0.0
19.2245,-0.103364,0.0
16.1445,-0.064318,0.0
14.2132,-0.063566,0.0
12.2158,-0.068934,0.0
10.2505,-0.073893,0.0
8.15725,-0.074778,0.0
6.22479,-0.075658,0.0
4.13102,-0.076951,0.0
2.16724,-0.07212,0.0
-0.055213,-0.070561,0.0
-1.987,-0.064504,0.0
-4.1128,-0.060494,0.0
-6.04517,-0.054843,0.0
