aoa,cd
17.838,-0.068144
16.9354,-0.058737
16.0003,-0.0476875
15.6448,-0.0382565
15.3531,-0.025948
14.1297,-0.0251735
12.9064,-0.026863
12.0372,-0.0285395
11.0386,-0.028167
9.81495,-0.03109
7.94596,-0.03034025
5.97946,-0.02795025
3.98037,-0.027205
1.75448,-0.02400143
-2.02217,-0.01468715
-4.02399,-0.01229415
-6.1558,-0.00867118
-8.06179,-0.00750715
-10.001,-0.00428665
-11.0674,-0.00473705
-12.0373,-0.00353785
-12.9105,-0.00151186
-14.2696,0.00584765
-14.9828,0.01817073
-15.6703,0.07700875
