aoa,cl
14.2039,1.74088
12.0923,2.00415
10.109,2.34724
9.08499,2.2905
8.18855,2.19455
7.32395,2.11978
6.04276,2.03206
5.20954,1.94255
4.05555,1.83024
1.90686,1.6414
1.04046,1.55504
-0.051018,1.43604
-2.10631,1.24201
-4.16364,1.0004
-6.18983,0.792993
-8.31453,0.544512
-10.3445,0.290907
-12.3756,0.0567895
-14.4407,-0.192261
