aoa,cl,cd
12.0473,-0.125655,0.0
11.0998,-0.044188,0.0
9.97574,-0.047105,0.0
8.97871,-0.04349,0.0
5.89259,-0.046515,0.0
3.89794,-0.046218,0.0
1.93504,-0.047959,0.0
-0.287755,-0.042777,0.0
-2.15652,-0.040838,0.0
-3.05943,-0.037621,0.0
-4.15515,-0.038089,0.0
-6.25156,-0.034528,0.0
-8.34866,-0.03219,0.0
