aoa,cl,cd
20.5038,-0.077744,0.0
19.541,-0.075275,0.0
18.3862,-0.068683,0.0
17.2299,-0.068689,0.0
14.1492,-0.052206,0.0
12.1255,-0.048502,0.0
10.0349,-0.054286,0.0
8.16917,-0.058833,0.0
7.26917,-0.057187,0.0
6.04423,-0.069985,0.0
5.10748,-0.087736,0.0
4.17441,-0.088568,0.0
2.08395,-0.084866,0.0
0.860545,-0.08735,0.0
0.892728,-0.08735,0.0
0.155077,-0.076208,0.0
-1.96791,-0.070027,0.0
-3.99556,-0.067147,0.0
-6.1526,-0.06468,0.0
-8.24652,-0.065516,0.0
-10.2117,-0.065113,0.0
