aoa,cd
20.0509,-0.2033225
14.1202,-0.121041
12.9333,-0.10629725
12.1176,-0.03270475
10.8068,-0.03975525
9.91009,-0.0389715
8.0843,-0.03822775
5.90534,-0.03873425
4.07784,-0.03881375
1.96002,-0.03561075
-0.09413,-0.03528725
-2.05379,-0.0312505
-4.2393,-0.0276335
-6.10441,-0.02441318
