aoa,cl
18.3913,0.684099
16.2755,0.767837
15.2815,0.820392
14.4477,0.859815
13.2609,0.917317
12.3309,1.00111
11.2396,1.01592
10.3725,0.986369
9.11978,0.933819
8.21982,0.85003
7.19106,0.748151
4.20006,0.442402
2.78418,0.271384
1.27145,0.0986718
0.080685,0.0114484
-2.01242,-0.214021
-2.94661,-0.32431
-4.042,-0.44615
-5.91107,-0.648727
-8.13521,-0.862943
-9.97292,-1.0064
