aoa,cl,cd
18.9964,-0.131736,0.0
17.9374,-0.109357,0.0
17.0085,-0.106549,0.0
16.3647,-0.077612,0.0
15.243,-0.072362,0.0
14.3455,-0.068733,0.0
13.3203,-0.071232,0.0
12.4231,-0.072908,0.0
11.0449,-0.075833,0.0
9.24944,-0.079188,0.0
7.10005,-0.080112,0.0
4.94962,-0.080218,0.0
2.83022,-0.079097,0.0
0.902467,-0.076332,0.0
-0.929673,-0.073151,0.0
-2.79507,-0.066701,0.0
-4.88569,-0.065575,0.0
-6.8488,-0.061988,0.0
-9.10225,-0.06005,0.0
