aoa,cl,cd
16.9005,-0.2601,0.0
15.0058,-0.254765,0.0
13.7177,-0.26634,0.0
12.6869,-0.276675,0.0
11.6853,-0.299808,0.0
10.427,-0.319645,0.0
9.20231,-0.332055,0.0
8.36453,-0.339093,0.0
6.01161,-0.359788,0.0
4.1445,-0.363545,0.0
2.08431,-0.365243,0.0
0.025343,-0.359505,0.0
-1.8721,-0.34963,0.0
-3.89826,-0.337693,0.0
-5.8605,-0.326163,0.0
-7.85396,-0.308845,0.0
-9.78204,-0.28615,0.0
-11.6792,-0.267585,0.0
-13.6081,-0.245711,0.0
-15.6009,-0.220113,0.0
