aoa,cl
12.2765,1.93836
11.1187,2.02373
9.93079,2.1797
9.07055,2.50644
8.23077,2.45224
6.84239,2.37504
6.00105,2.26503
4.09375,2.06965
1.92838,1.85297
1.02319,1.74957
0.020945,1.62976
-2.07941,1.4066
-4.2763,1.17199
-6.21525,0.934148
-8.05771,0.679942
-10.3188,0.406118
-12.3544,0.125785
-14.4223,-0.179081
