aoa,cl,cd
12.1477,2.41203,0.0
11.3799,2.48427,0.0
10.1321,2.54019,0.0
9.10809,2.55344,0.0
8.14808,2.50927,0.0
7.1881,2.40604,0.0
6.00381,2.31265,0.0
4.08298,2.12087,0.0
1.93738,1.89622,0.0
0.047399,1.68789,0.0
-2.13166,1.46309,0.0
-4.02267,1.21523,0.0
-6.17096,0.972214,0.0
-8.09511,0.69957,0.0
-10.2448,0.466245,0.0
-12.2985,0.170435,0.0
-14.3853,-0.081119,0.0
