aoa,cl,cd
20.1721,-0.110108,0.0
18.3223,-0.069146,0.0
16.3043,-0.06549,0.0
14.3804,-0.068392,0.0
12.1667,-0.073762,0.0
10.1792,-0.066821,0.0
8.02673,-0.077937,0.0
6.2289,-0.077969,0.0
4.10977,-0.075543,0.0
2.0216,-0.074758,0.0
0.061739,-0.071506,0.0
-2.05871,-0.064149,0.0
-4.05338,-0.066235,0.0
-6.04714,-0.060926,0.0
-8.17068,-0.05685,0.0
